Id,list_price
9907,125.57346388729742
5243,21.639324633558147
8276,217.3409940983078
6501,50.44932928933862
1619,23.785343557009995
2226,52.62439902094342
7130,265.6579694531217
2272,150.02982093645207
9594,50.38295773743221
38,-3.0803603927637795
3851,94.03700704149921
1713,34.14120452518847
10304,73.3081279095556
2339,16.658813075517656
10128,23.40039096189284
10859,121.30620451894686
392,146.70168326283058
3888,22.089499559827715
5940,35.677826106327494
4577,470.01883791294625
2829,26.67715501696975
9614,229.76947820846374
1900,246.87012809585667
9527,85.62495112253455
2341,74.17413965327452
7739,12.616459338557036
3445,49.723574935365114
298,20.423672891694437
429,50.10089512083365
10482,51.349227847519415
6309,32.229443501860445
9634,35.7295719585143
7093,37.89733077305368
1874,25.2368612798509
798,143.13553137922432
6394,142.67604732758548
11894,25.372217710903996
9504,110.29153802016705
4255,53.508876045339946
8991,64.06457198237186
8667,45.789603283362936
1067,139.2115142874174
936,348.3198100891817
5751,34.06527367363462
7347,82.28239974576543
5061,30.058137339889882
11880,29.759940035912557
11077,102.96232399361134
9796,40.323123407915354
129,5.821570140525466
6500,56.72474008883462
903,26.194401368359564
2018,40.327332476198904
11332,45.9983514295609
2915,40.26925456845072
11814,53.32947982916263
7732,47.45630563664236
1074,92.12935307953673
11551,73.5916344193085
10732,24.2831548572631
824,33.084413601070324
5778,19.607087052790263
10059,36.04064486106916
9400,33.316104801153685
4364,3.497161251068974
8063,26.118205434324935
1466,10.889926151861076
3113,32.00490188561213
11058,70.85012363075273
8462,28.426843094134355
11124,269.6616450212688
8460,35.82661193979192
5114,26.42781559534197
1088,28.742616039488084
8311,24.820598874902437
4693,126.64333369693483
756,42.624279772855154
4864,441.967534167399
2913,25.79612657020816
8574,31.61898849249465
2851,15.713376891166519
1097,134.40531011522256
3854,112.06794603424433
3136,437.24752209655617
724,15.860995266153964
9697,26.199876753522105
7172,34.406666674778094
7128,13.167159993142207
7952,106.55689331107432
5718,72.47773136822283
12179,34.66605096342738
7537,114.68017638899235
3255,253.67386475511776
10567,67.27790755125233
9557,25.949644284804336
10793,52.830062557416916
2057,8.93525946349277
11958,55.21146146837799
9908,50.663056716172
6971,56.16394298902438
1821,19.185917832678655
11339,51.96842821617147
8966,39.55758081314161
9943,57.869146930595576
10888,29.60040634798095
9265,81.81081140410103
6307,34.97699087791785
7913,11.805259677835892
7738,14.615897224681376
12085,135.0516346935847
9432,383.06915220446393
175,193.99428206566523
7253,64.07415757062917
513,196.88532992255443
10635,35.06885401601446
2120,13.867975829854103
5948,79.15501994980607
45,4.595610082745836
6702,30.334627786444806
9850,38.887275028736006
2492,77.63714927845797
5907,69.55516853587181
1458,11.312314041760771
1618,16.953876764373106
210,36.92030523571387
11477,29.10851080085513
2478,32.764457902348035
6426,30.212087959462195
2960,33.27179339933018
8113,40.34811262527178
9717,48.58220281144818
1704,22.018556673072794
3507,23.587323226884862
11102,28.588777659569637
9801,-19.19230804571808
3952,66.2609446418736
1864,43.276149048831854
8349,37.397870825276016
4353,97.39670876587452
9770,35.009976299070715
2409,210.9557658125676
3924,13.92544214586627
2337,26.165024550517558
4905,85.82445550036815
5603,37.31761031000167
7039,121.88572610671416
7992,20.5369034994401
5973,44.52078887623493
3338,8.312957126027896
4700,59.41677806755042
6470,44.4085596758285
1358,32.591455497791344
6467,155.63095916876168
569,256.23027584224076
12256,40.46864940910866
1261,22.94814123324545
8498,48.76024191685218
2778,96.0440757696651
6027,100.46044289528444
3204,28.84516306001599
1141,-5.666618983065661
3905,32.91643754380131
1386,11.278692952325201
11170,145.63337258208645
2938,85.83449562452927
9836,25.170517486968933
8395,84.90841491851889
4688,45.647168119466286
2679,23.52922212310149
1510,160.0693616145151
8889,112.37458147018575
7382,155.95419756456252
6564,265.1696593988818
975,18.09626836126685
6600,19.57100209284335
6290,60.90893074552669
9185,60.56168976576744
3991,23.432975272632973
12252,64.6337833009133
8050,33.556003042119045
11572,11.54848407563793
2620,18.518316635178536
5396,247.70083320114264
3104,99.28015755135115
2277,34.48133355503818
11985,41.89598475970786
9115,22.85514900256142
4547,7.9018793849110835
3176,95.55210978256562
42,14.628629769434013
11787,9.842813752409853
4876,24.055946428719082
293,14.370332982707339
8693,66.72301123545165
7995,377.3691960685284
6953,35.99431842960254
7996,188.1899891218893
4092,26.522935231806073
8622,62.685156404094414
4521,28.71156712190541
6246,27.031426735638092
11186,54.70359641647403
2398,68.87898916967305
5416,41.81323100632541
6777,10.964815210037784
10874,73.3356864751383
11316,153.57298414440316
10665,28.28326205897953
6965,40.209178719635716
5865,35.19303386521442
5937,40.28953723091624
10426,17.556557217278254
5887,22.52379613720325
665,41.048517572626636
2332,25.46180664711666
7298,39.903940587041305
5282,32.526457181589564
10694,-0.6193001753601379
1506,346.0906121650206
4895,136.37156167783155
6249,248.66358110896698
9685,19.568632181773175
8769,138.15980595947326
2870,16.52259017351949
12211,63.75725188791265
9929,140.33273860479486
6862,33.57165134547669
8303,14.35989945128621
1124,27.59972376766656
10831,17.214745184722062
4059,43.50912081706599
8906,314.94340159005344
1488,51.488249637538395
5299,30.846231571511453
2999,0.8920792524383359
8437,48.06887735809073
8744,200.957571656109
11825,20.21289694233768
11462,22.18850680882285
4362,45.660841383228735
9138,34.07704975253688
5644,2.9491699784652354
11096,9.122773360066887
11162,21.713270712951797
9596,49.55669713928731
5653,22.741624339681522
8278,121.38217394136713
3139,505.90306034097705
2101,33.23827153720903
4721,140.5679866803276
11455,-0.972821943470791
4041,124.52315621119659
8687,34.095235453062784
11762,60.824674844279514
2429,45.77114571653325
3731,78.19950883822834
899,37.885110615149124
5800,19.005941503778367
6236,48.784663935755184
2020,16.234041111111083
2669,34.35571214307127
4309,24.908898920946115
5300,39.007312053803474
11090,11.290300213292511
7142,157.9017104573441
4652,20.19710122462385
4049,39.99375462180197
11863,187.8900343528885
12165,42.28324058021974
6125,42.25626936302256
7558,48.22476320077285
1617,19.892221345613414
4026,18.508824955793116
4415,23.251756960721195
8664,40.218886416614154
3997,30.437053830167386
5428,10.845769224784007
3702,68.68423972238978
6498,79.52154928911817
3801,101.79150626632429
2462,862.6434771610351
11839,176.335666567397
6880,28.93599328324248
5256,33.42924992688582
1316,33.218430950244084
9245,40.08674312017362
7428,44.81373414099599
4053,31.47148265212516
2889,123.44911734091438
11086,59.345056951612726
1551,19.629251218975604
10738,230.03667037274465
1659,49.83294550192862
989,64.37059561634732
1944,247.40845626613094
5023,-14.047537092523115
4928,17.853725759230144
7525,35.9705670329122
9547,43.337222776251004
12163,-0.4940435383813053
3339,13.441079827546261
5113,42.82402196495919
11925,22.83491126830981
933,237.20849261193842
7261,65.81741274413433
8465,20.173634316261413
1092,37.08243364027604
6588,47.085966571690314
6853,44.786648994422364
1250,47.047102383088614
8168,47.292023157915146
7904,25.434305863325555
5812,46.59772350681408
10762,16.31199010333512
439,17.806430237302777
344,20.518184267576288
6643,310.9694084246548
8896,1.9316010404094186
11365,25.297824148342926
9806,61.0086306865951
10560,112.63902272477645
1039,16.591433280880153
1079,42.14728168116253
7288,77.81470228473212
3169,212.1903681255685
288,27.47774951014614
3557,21.591826847196188
5332,53.893770806494686
8596,35.075735846188536
10903,45.89858959323211
8536,33.45176279684708
6087,29.25373701532429
90,16.097273166420763
12112,11.665631327653415
10957,33.42822108931934
703,80.39543934286837
11671,33.486016120526585
4329,23.319955875633198
10828,25.84382817258374
10031,75.09122707350724
7666,36.89307746014953
4893,110.12019909307013
2379,263.31642012559945
2578,82.27045303384615
3926,11.131743940112827
7259,43.636075807572205
123,18.74141279805815
6946,41.100875474924116
11250,26.741256293934654
3840,36.44009837457585
7496,57.99633223574366
3283,31.952539114818073
8756,23.055021997877873
818,58.9322582066351
5630,39.35658986158885
5446,125.10236894289066
9493,15.863166944256605
666,27.744969066761378
9905,31.190050397743065
5253,123.2478818057091
6491,38.015243420010194
379,31.15021272288257
4791,38.36153828642355
779,26.608780086361037
11568,10.398721923701174
8234,36.78743786869305
11503,36.96817034424783
11633,33.74758990024276
12101,30.69401949858809
11047,22.630670433879132
2494,66.74887019921715
12053,120.38960038919217
7661,54.63039863871029
3975,28.12390969665296
11610,101.69213171306896
6963,46.979596790809865
1066,142.70221692004014
6479,45.07528647263739
11453,33.148637323108815
4330,221.89880737633192
2074,20.8406119630676
9374,199.01783379099027
4723,112.61547037383076
4421,304.8760215368493
8496,57.9140609143847
2548,0.8920792524383359
12233,35.56642995696247
6304,-14.888532257490596
9889,8.795563149435438
7660,69.65241836478756
4585,275.9601277664778
8872,33.78101004677592
254,48.736961709350894
10117,29.713647306119327
56,87.13622360096832
9064,228.83770755695042
2887,145.4423784169556
6192,33.702312352086274
9463,52.53779449140455
9216,45.38364984701291
7313,59.06148456682305
3476,69.68764760634076
1147,96.15576952604003
6046,36.72699315105202
11570,17.062604172993986
3236,18.213509459461292
10130,7.725766112941045
1475,26.891470423134933
9983,231.37322910298525
6375,60.85513082430039
7634,23.235686485869984
11678,169.00993472563306
7955,156.01141054177674
4150,58.67240293333291
10380,47.12337333391633
9207,209.51738249332095
8201,35.5952176324851
2030,54.40881639768852
4454,33.69551109434006
7232,258.4424714367071
10807,23.231059414766435
8175,40.049172253043345
8133,25.71754111970054
5905,77.9259468270156
9867,137.20179981095592
9990,98.66968677755854
10893,34.58182873753033
7308,30.157385563476637
9713,23.415621551671393
1846,113.03061729593261
402,22.40987642120156
1397,102.34996208560226
7824,11.259187601133334
1326,222.67366046010105
3778,23.718605032997488
5125,472.1099079149158
4884,2.3512474553155727
3004,50.227880409328364
10291,32.99585051038757
5615,136.8776043883217
8374,27.994627009589834
2183,22.535147778707945
1214,79.1543656336747
10093,45.549873607046514
5880,78.7172102013292
8859,8.31085606847941
137,76.411190491478
4184,58.37634985530665
3735,28.976910046435464
7127,-12.935023566713383
7745,34.613628680148715
10294,61.90708831290639
2333,35.55522032977173
12243,257.04757488611426
1556,32.73804781549802
7367,479.1495668462899
135,7.864922936733308
6423,25.693819821858654
6169,104.64949527162557
4674,36.511052245370664
11733,14.727929800208315
10125,44.29104042979967
12120,48.26874414166822
5857,38.72586475108467
2827,30.723543212296192
8171,30.407211877178746
8984,91.7012483359797
9554,24.167772869806733
535,17.35647584581878
4568,39.373559969612714
4987,23.488701382924532
4649,25.91554514561811
11510,40.2832598052468
6894,20.002690280105867
329,20.550548748719727
2530,5.714243220294762
5101,20.086085466134108
2093,298.9151292406657
8191,326.9358426128967
8634,86.63665889868349
5367,129.52888016978892
10764,29.997588283923662
8670,55.845141874804355
1139,16.110191896191054
8123,35.96482054017727
6337,29.993734880517778
8046,35.21477625687527
10844,25.468177301487778
4679,22.605391140605832
11861,45.2625959538922
8031,35.375098175581186
7494,24.666282691768956
5353,77.41001277681755
7647,81.52946266832416
8556,30.157586742086608
11361,30.67813123130655
1303,19.068540079030583
7069,31.836103306518353
12111,10.508978353446878
2189,22.362307544600228
2091,99.43458411442153
10820,27.091402591643302
2824,25.8359636501623
477,64.52063516169437
6558,3.3792098175954663
4704,47.11000476930566
2626,21.66900756358129
11849,34.73968798240392
12117,471.8269948757404
472,26.396116195942326
3437,44.46983680115365
3604,95.77740688137635
981,6.400725500340741
6616,281.7143358803107
5046,103.44209025036619
1395,65.42906476362334
413,35.73649408961836
5702,389.1681769058133
2634,39.02010039691629
2104,28.543252821622424
2346,26.964148765204456
9878,41.03194034118445
1822,18.020121226756956
7540,91.4366830581373
11279,4.516796066955536
7014,36.152035089823464
6738,45.97334355484293
1007,-17.917657815684635
8968,13.488863393953423
8452,27.426609877153155
9411,26.092962558811983
7566,34.480637064242785
5722,41.201711785840715
8112,32.10249198554219
8342,83.28106111728545
387,39.30468284261471
2368,20.185996743178336
5650,25.65402721010912
658,54.07968001305646
4548,33.41772397642867
606,39.48585824107075
6555,52.53440918323717
7050,80.47531744191467
3018,50.665268693836765
8895,68.24346273701961
8605,22.26692641416166
493,19.295959579331694
6280,114.13474148213814
10252,34.6249800705278
9050,42.62922838874274
6399,90.66825495280025
3067,46.82464507742503
4614,43.353687331623625
11255,27.676188526167195
4703,93.66304273134527
5077,58.31825312371194
495,21.97633979524023
1478,5.908282399135558
3458,17.696406066186043
9149,35.70564584478031
2976,24.679987508018513
614,114.50955684754643
7960,39.102876470023055
10060,3.657184605771832
6328,36.94723297286396
4804,54.55691213549457
102,52.15140771111644
9623,105.69687797552356
5721,38.5895565326811
4512,29.57999153915
5460,29.697650902857603
6378,58.32969053345326
8751,29.851981695877434
8474,16.652814981544864
12054,-17.25144498625818
3415,12.96923466451905
4468,56.050242397289935
542,11.989483318990281
11945,126.70887871071267
8770,81.2684295478966
2945,27.330623993398987
11928,18.73833911570088
7784,21.919932130726018
11592,69.92183573362131
630,67.66787361640719
9244,44.49580602367229
1851,148.41606721658474
1606,22.83167652883641
4668,29.116430074869
3358,10.32727440655566
2843,22.36234665531194
12173,34.18427315275366
6734,30.697802096206942
2939,41.56996071351681
11306,258.7039153959214
3762,14.323580103681138
4002,10.85393337137397
124,27.471150221761178
4973,147.97547063860975
11614,102.12515214215736
2672,23.567629673609986
6940,67.70502346898432
7962,39.30110439485972
11786,12.96393142868537
8331,382.23212738103564
11828,15.974168106996984
1110,32.61940422993699
15,-4.390157847143513
2148,17.423807396429766
1877,6.554292146032466
8463,58.638327642476035
11183,7.9054519361445585
7623,78.66311612639089
1522,42.038164995558155
847,16.28636523320371
4498,76.38666466011725
393,64.61751700970842
8325,29.576613640893008
4442,254.5812401970493
11612,130.9584522350163
682,30.66014624365546
7708,199.3522594318792
6107,33.604197847758
10160,484.0698320552569
4689,6.381556059628551
34,13.350351921955905
10967,23.225712857534305
11028,42.397561008349086
5517,875.0113850037332
931,18.253030542923483
1266,256.49454308954677
8335,100.47149014730007
3276,18.434721934682884
8354,314.14859646017953
6676,35.48718421999086
2158,26.35653767141983
1637,181.0145536831729
11968,21.766134134229603
841,7.3396416609533475
683,21.506111696320254
1686,48.616576372480154
164,23.94909455263769
11561,31.76941545515527
4240,36.86533007477662
10447,102.74771241055541
4268,28.2486724067656
1140,26.6333379726619
6289,53.6393144653309
10355,32.25321512093969
2249,40.542696844749166
12147,138.93808058370055
7731,14.105994499238307
7585,103.2805321697679
10591,38.09701429270007
1758,308.4401140047414
4467,73.1725527918524
7228,18.268264199971554
8967,19.7838871625235
510,42.02251755187105
5529,98.80524901746065
3961,32.065769506259606
2464,370.09927680486896
5883,44.8845687398644
4637,31.345009808275037
10419,55.90559395831165
4974,131.7767982810082
7199,68.69832970829236
10226,35.558272571847475
9657,32.85256471173029
10423,28.928187941651146
6449,35.776926812623046
3894,133.88087059190238
2349,131.4729128816208
5018,42.02174465429345
8999,44.45788579983778
6196,30.082795818139594
6083,68.3392638175554
7327,30.57578950561623
3921,108.47441252554043
4351,102.67634181432585
5754,22.52379613720325
4990,436.5355587136698
81,22.564716636937206
1912,-1.9557887697404794
929,19.68537740719789
5232,33.923046695552564
9698,27.404605659266707
11705,29.764792922576284
3293,144.9958085271906
10908,29.917219767244376
2028,21.205309444018113
5926,-12.913155507501102
1558,9.64303506022074
4584,191.84925599462983
2070,35.6197941802827
10014,38.63640837334345
10873,67.3403888211636
9820,23.894801964180076
10568,0.5427293964453526
10638,33.42822108931934
1008,49.61096281660083
2662,38.8926219813332
11636,4.32950737803975
8386,68.98504444001925
9027,44.69447771419525
11540,46.94516334080532
2311,147.97455997899982
631,32.25950834524228
3929,26.771002233533913
4641,27.075878738704077
821,53.48879408252687
190,36.473218967413004
9091,48.39527506952766
6153,30.250619480397447
11298,21.30951821652519
8118,39.30110439485972
6062,31.730988051264575
5138,126.31511318457987
9155,21.989147306651333
10791,70.12047249526486
2475,78.25517896822925
3177,123.43630043627371
2496,37.035661294272266
6099,82.36719402330391
2220,43.404750514092
5225,33.79746964312601
10685,26.32179733693578
2017,29.959683906901795
3638,57.41204936362557
5745,29.7761616974028
2173,25.527790961909062
4207,76.72467815514783
8066,24.68107467905027
11760,26.313837896717246
2216,55.644504884777845
6468,131.04526256784376
11983,41.600404106359036
7487,22.916753149096408
10767,46.60164479757924
12122,19.55242125865764
6707,34.406666674778094
12245,77.30623960300368
2546,9.39034276534808
3459,242.4976166057023
4706,42.364410457453076
3874,129.93050662330774
521,35.07065478159623
8729,157.0918780517448
8577,28.940227061316833
10814,30.362031267948893
11704,100.63420370322189
4993,79.86395858551069
7117,26.24786860087496
6840,18.268264199971554
8805,25.26415520897831
11562,41.49933626255409
11367,26.298041205098855
12043,51.18459555521875
11366,26.42309309707781
3811,2.788781500080077
5103,11.19719761246158
11427,95.53071797872539
5043,117.9876763256076
3969,18.91971046240873
8065,24.68107467905027
5025,34.629323935270946
11026,46.8557073146451
9490,24.550447104082323
10190,47.809907045660744
2725,27.3563224461992
8720,58.084425396733664
9848,56.00717007353995
8324,39.20287876950856
10982,57.34281002226721
2783,49.557757569330136
4857,25.53829993499202
2392,27.344918120777848
884,22.025618031289284
7990,11.327365808855063
810,19.57971847141137
5608,13.4324653163046
12069,25.491055141393474
1924,140.82398744691767
10177,72.26058680697514
2381,435.40926052430774
11289,39.60375140545259
7369,392.7422744718109
6885,37.44294224777871
4654,18.681635394872956
7678,515.4149535560339
8100,36.253060484405445
9403,47.01834842669229
10993,27.47454575682316
3390,60.6097081847747
1664,28.667800102851274
6528,11.317402628259515
3065,77.21140193538491
2978,123.72553727606869
1961,9.998806353239047
3260,158.75786859091926
10478,23.203695007770243
12223,279.55796839122553
10176,39.84603579969075
2356,98.13019094668968
10501,111.03550528270074
6215,44.724732521416776
9797,30.723182379059224
5852,39.540396383398004
10457,43.796624176987805
3983,13.688041357264737
2724,35.407942410250655
1248,17.936070519953788
7111,33.06026343019114
105,39.7153052389801
5139,308.1876391960528
1650,76.18894020560765
549,68.23887166872026
5475,104.04862658737767
1594,20.43214020050685
7668,29.417187606052124
1130,52.28081685322051
12186,18.764908633155187
9874,102.1756716157613
5454,72.84758668129356
10756,36.764128969565945
10737,396.31399269724494
4948,259.285442445525
5158,39.76404788899985
10242,37.827907938218196
4116,30.533905490638816
10279,22.07478794222787
655,87.28314612176341
2917,35.61138316610455
5123,19.736276412055858
9903,23.487734789129576
7006,40.33766698753524
7655,32.820834799319755
6764,44.98360577527332
1661,26.693197359915317
9810,35.620980492367025
8373,18.043715215996656
4617,59.2081882393373
5411,75.28251968870559
4249,38.8868474989003
8706,100.57714429897973
1331,36.55712097894204
7910,8.97662950578487
6279,49.335183574105905
470,32.617701941054236
5075,25.24372951822002
6830,47.1157593594956
6333,35.72136514048236
10880,66.00667583121529
3241,12.667297366056502
9477,137.97293268428456
11463,20.133447956553624
4594,71.34761370258265
275,14.628629769434013
10655,117.36526812080041
9991,115.72382716747234
9215,31.548574020509534
4404,106.01833214580586
3124,13.441079827546261
3709,23.228062608722595
6310,32.966528617313685
7930,41.030345424095
5679,11.252198919304078
9822,28.446489557811994
2223,52.63095547380567
5259,61.84027009404833
5412,102.55540289349267
10039,23.42338599046036
8111,91.57011703745945
8733,42.39542030196817
4456,23.065347786685066
10244,32.633089328829385
8503,33.37029377741449
1811,7.608566666854173
2550,34.84220833150478
10561,167.6873636267553
5506,32.99100801276365
9754,391.1463783958726
8852,12.088159596085305
5528,41.14980643137149
930,21.302123724385893
782,18.447358087754864
4719,28.260050510421223
8508,26.716987657654002
3468,273.2839208485813
12067,33.857049054140006
6846,9.44820372520985
8883,382.71687084657503
260,37.14852405333916
8480,24.33674747387373
9792,65.46339287608166
11098,11.092978969554025
4107,21.783717298542143
11677,279.9607794495571
9750,42.33232906043599
6882,35.21286637403138
8655,389.1727633274835
7721,58.78065396686216
8881,31.017660519184226
7351,58.38255774825532
9946,48.40036633359536
7612,26.679248171582053
2180,23.463213040475956
5547,132.50125094838285
1555,4.786985318070563
9780,35.95141375339773
7722,87.38324399532404
10839,31.74078092080643
5629,57.13562471498172
12027,23.436029141744065
1349,142.34705658132575
1660,33.15403558808404
9537,55.624315501070555
4930,78.2798562265312
2977,151.23929466405139
2519,63.94185263131307
4955,114.51959292709444
9882,47.67526522282546
3682,31.914453811864604
3009,27.06980379820407
10736,485.7351920138379
11888,34.93623370623459
2034,11.134234956076398
11245,55.26234844772608
6537,445.495387269388
1013,25.993236306868894
5642,20.41322084485254
11417,127.49860943247845
5726,33.604197847758
5468,110.75174821140857
6053,33.59535634108555
3279,123.78893005577379
11341,50.82045754292835
3667,38.865774829480394
9712,23.415621551671393
3295,109.94773689037996
1992,17.468571988016336
11406,54.28875009579844
12072,19.333937950291364
5927,25.99494129054483
8466,17.60839024170734
7999,71.96634393098981
3348,59.838701782976806
2592,53.92383013260415
5727,16.88338713870968
9001,45.617258510554734
6900,28.758394436624563
5964,58.94227325468775
2567,21.57379108449262
11817,44.74974565898495
11472,51.44159531875984
11601,668.6245738237589
7746,36.07899003922058
1891,25.051630700298432
1405,20.272858863543192
4482,38.129207266480556
10372,31.137251377071536
6589,39.572063132681166
761,5.177940487442001
9516,18.94180643684259
5105,98.82702623193171
7453,32.554117876992954
6510,85.74524634922159
10805,31.73488693889766
4288,83.50950285265154
4918,12.177794364576172
7394,40.015406540521894
3359,31.914453811864604
1053,13.469116292568785
11485,44.6649160477407
9915,71.64594942023373
6296,34.17869373615054
6270,42.08340955140229
3915,58.58320072622353
8734,34.54193230583675
7089,44.976195214702166
9009,23.285557121539846
9161,18.585769486448598
2526,7.348598832212787
1624,19.843958773769955
8248,447.8310814025232
4128,23.2107654713693
7195,117.83334142098953
4628,25.560158405046046
10255,33.571260437842994
8091,43.699907984807275
256,56.945404312471744
6530,26.631730331227203
4101,22.51228303235554
88,-3.9251338348327636
1696,29.302488624406593
3342,20.37780567857967
8826,266.3281269699391
2909,22.308365926949364
9812,29.410252174276103
2325,104.12624477859491
1589,29.795835967971172
5265,127.44314826697415
334,21.358579130152286
1622,14.304033586824872
1991,25.95362232385402
10170,103.76539197810735
2162,15.498574697482553
4954,40.71551412509264
10288,122.75423683750272
7554,35.9705670329122
5863,43.784333837093115
9129,19.51504942971438
8250,58.97431034782733
8291,75.038383576845
8014,26.28035544862935
5559,31.948876094336086
4140,5.664950407501891
225,24.852254563766373
5304,59.90756451571752
2280,26.27841846621999
11878,21.136717046900095
2033,13.73802433359954
8760,249.61328714531555
5646,27.597720400052594
2001,85.6701793512458
10096,29.11466787039356
6392,29.531815481780498
4205,56.49488448716173
3883,38.539088613836356
11205,15.586191005596945
6594,37.02513231039802
8890,118.92780066108139
3457,21.499280309769063
6412,35.58467369543078
10316,57.85379139862324
6025,99.17014143345969
7071,258.4424714367071
7671,13.98111749237819
7710,121.41475247965826
360,125.78668588129644
4211,37.67092439960277
8328,885.5194056187553
848,129.55600872860887
8780,42.48452953175191
8864,37.101718336476296
6994,124.77689652468077
7221,39.11114071665293
11676,316.9304956246673
6903,33.354857137091045
8375,114.44000532473648
1474,2.0584933886219545
3844,868.2783597137824
9945,2.5468394070186378
8371,23.1377020013159
11345,27.2274590955098
11848,45.78172043925618
8520,173.4011796104578
7924,58.21454038514523
1792,51.05876320343532
490,44.46984434435268
691,8.094214617038887
12185,25.961610420607784
11399,19.678164573471307
9046,57.481119335973744
11175,66.5393113074814
9835,44.30926215587398
6688,40.781063373923416
332,22.68188932542624
1826,45.746341899679656
9353,51.778721474105794
10173,128.184456772096
715,5.756514095213646
8631,75.3808440980571
2812,28.53133203038267
4609,370.30980867724645
6355,57.86348244973133
4878,23.895514214353916
2649,63.03988155603673
1449,20.356087630095516
9105,43.823010164499536
203,27.299211928716403
574,93.40411338091246
2556,27.3563224461992
8724,38.736899149915956
6595,15.277942572826248
1639,39.616411373812696
5164,14.408928994869527
11480,37.71642553040512
10973,131.81230785404614
6388,26.078892234192182
5595,39.49833765313902
8939,35.15946362323484
7272,40.015406540521894
9438,167.67178063251296
127,5.645607349944726
3663,80.94505227597126
7044,18.152758855138288
11353,30.81364454123033
8412,4.52095479005385
11611,155.95295329912102
9628,71.73230554446636
9854,21.790559458511538
11980,36.79269086383697
1986,27.982334756397762
3108,38.71645650303259
10346,43.431792519578984
8666,45.74291267219241
7859,119.3322485688343
7594,82.14558694041563
7386,39.631263544884604
8846,46.90987436511951
1070,104.15887187078633
6942,48.69586530211252
10686,56.202468501976924
8530,49.76556723434969
10538,79.05169409915378
1626,13.944002405116706
1976,-18.550968455214473
7759,883.1075380434024
3224,36.28588369586522
302,26.11965511217325
1849,126.49545081904131
7782,16.80271249837203
11328,37.09267700286195
156,60.41613370479969
12229,69.42240080193393
3052,118.71664823449618
12164,45.58598700645142
9101,53.397903918278175
4860,15.691194332999629
6829,114.368958203988
100,177.4165375091707
6545,23.31606929319438
10747,103.00669893064533
496,28.752554742775096
8104,29.611421484285955
3818,37.29862908575399
11794,48.81172901472232
9647,70.7545709977107
4504,55.529394901126075
2583,73.94029679354321
6828,49.412126088491114
6314,28.915011710882098
2146,22.430784889648685
9444,67.82691619796118
10105,26.979888422117725
10896,23.78738422605514
10922,36.03222487190635
1459,8.769386817032029
6654,29.48891364282502
11884,-23.023714998286238
7143,127.57498885756108
6114,440.123870667145
8828,217.25097533480448
811,23.138375663954726
654,95.71774832408178
8979,118.94284271257203
7796,29.56026403604092
1926,75.00077083563927
1481,40.726751055835734
10131,34.2659120399656
8158,28.08286526642948
465,98.36730834501165
4457,27.64226738984795
4744,36.04893920539992
58,102.02533140349905
2125,12.01859747787725
739,77.76449508569979
3539,53.4534075476914
8757,30.632565091699014
2565,-3.3985931812438253
6061,13.725603188930464
10464,12.728806956179568
3675,122.27816288130998
10884,96.1036199668544
7038,44.79176063878626
289,24.31393210905871
6666,81.26064735815005
3446,45.83479403724938
6714,200.50325550344866
1999,98.41037753765285
1727,26.440157473550194
11913,26.614788253559887
5426,36.70973025878902
6010,-13.54423714293614
9984,239.1692739286952
909,14.902739801571087
668,32.916952562683576
1196,16.19128246680502
554,25.694678731589534
2324,194.24306000858843
10066,19.42907785350826
7777,37.58622923262444
4097,34.556468936294536
7639,79.85722164479111
7214,82.88417874371584
3032,115.63150141414083
8124,44.37765430155901
1995,81.08517996577868
1146,105.13562235619557
11900,33.651795528757816
8500,43.054442365439236
10114,16.590085734635053
9939,85.63047979901931
11881,21.093559434715516
4187,33.75581937884188
4622,40.788186702966726
4025,22.316439350083414
5386,57.63163343460358
3318,8.884464527335055
6386,36.19949852920639
4514,43.64205358816785
11243,24.302690018319666
9052,28.208731948041844
4749,24.477939555162934
4446,95.45449768514965
11571,11.54848407563793
5363,38.973965883319586
693,157.5091834366019
170,365.5067701946606
11896,25.497533790874968
3026,149.46571761477423
11290,25.300128157952415
9061,251.51799292097104
3734,16.408671320364448
1762,72.835901691282
8040,30.7547891231128
4783,68.5397879244621
3475,151.8447677098511
6706,19.878503322080228
9031,32.23398857168514
6033,61.90673031554212
4536,-24.670139451694396
5223,26.518444916454044
1168,20.060240830952907
3207,20.024395744081524
5147,38.13007127921955
6119,97.42873876200984
11097,11.950643127284806
10214,14.544697696728079
514,105.808510173559
3494,13.532969861709546
2109,108.7862854149771
1238,261.4955113222155
10189,31.209809884625273
12032,31.10682918945748
1786,89.5148537373741
8447,30.14530788367017
1694,39.845413700075056
8832,134.02374811810648
11123,383.3312236322281
1562,100.80079560638974
1526,31.217204296314193
4998,74.6414638854755
1086,27.923906514534337
11134,80.8266731549226
6497,248.86816627980195
2871,19.753868305750473
6575,99.49636144068724
4466,38.68495121804851
1595,12.974692735004652
867,56.99023794631228
2029,23.287595045270372
10754,47.63951780155571
9123,32.054154056897836
11079,125.22303400397765
6043,14.589117898964304
3641,32.84703246746399
5803,23.82713408402239
3597,146.61376600393766
3974,25.875573918696873
11154,71.09479940460598
9696,22.402995760685954
2849,23.449804624845378
6870,57.561820103311064
585,37.24068524665519
1689,46.60710335495484
1047,15.26823130755227
6453,81.70646009303991
1035,28.00172166950128
9242,84.35401372574425
10826,32.32200433813816
2816,28.05902199396123
9169,33.51364281422634
4600,32.182635046991884
1709,58.40529826374414
11808,3.114714189643351
3780,201.36970360997344
4672,20.988812235547513
253,39.09670561588948
8777,59.5644485380817
3361,25.73629777483663
1162,31.030414981743725
7794,16.099890692264978
8458,29.922288217219418
9382,104.1563644277376
41,28.752554742775096
11886,31.593960389179642
11499,33.49967704286648
11690,28.82887531554202
573,76.1822572354117
5231,22.858279374800304
2806,17.755366008192723
2958,43.7202361284341
1535,36.5909295833757
4852,28.269242695008046
7574,47.622349715886855
1296,9.890459037859614
745,11.0968593855537
10139,67.92648760761631
1242,52.26990780088517
2295,23.26950253449077
3636,28.37638453411573
4737,53.21864940603631
482,31.273398416464033
8346,12.304975064459967
1244,45.40659594334375
3665,42.49450173098399
1166,48.040182965927805
7371,257.0362345915092
4685,27.42424738587505
999,27.74654330503386
7246,25.21502403952111
751,185.76320672205227
2622,-25.798060917279628
6300,34.3361902448211
1311,42.36101137495302
10939,39.583565423057166
7846,17.95405397726968
5128,221.40395388566554
3670,29.98971322991749
7331,53.11540347552436
9651,60.241156158870396
9719,26.100676077576907
5567,136.49934134994652
9613,396.04986159546536
16,12.785993499389477
5632,57.54212373170773
2513,92.28809763943556
2524,20.185996743178336
610,448.2312663542648
10409,-13.8194156686951
1929,45.267649404909214
3006,43.28409723193903
5342,116.16004989486093
6213,25.37136539893129
1560,358.48178541054904
7667,25.247572967137046
8334,237.6846100387128
4797,42.46418414105257
2756,61.50123150188854
4606,48.30958338504771
10005,280.3690152432689
8871,30.604852400658842
8241,26.533001758608584
10949,101.19720858878424
8817,73.23865414277415
4447,69.89999104102756
4735,34.532144182569354
1277,93.177662368655
10557,231.12977249100015
10439,258.99214998510416
12021,-23.023714998286238
712,7.226103917147384
7528,26.276037475403044
1122,33.52393698994475
11773,-2.4636987207761933
10293,181.29357442410833
3737,253.4116076261665
1501,16.90602307200743
7274,20.053542443666686
4666,26.231455353091903
10556,268.96722170362375
3805,55.7248472006085
3234,17.630511672880885
7682,119.01089743678119
8869,61.808199523196706
458,27.22447905016942
1307,73.21488364064268
6477,56.90624776005584
10546,29.530117134306764
4560,51.50060953542573
8189,45.16077624175051
10118,0.932031146254019
3054,75.51527498751524
3835,45.67447918762609
3398,31.99596581670022
7521,54.45375666696392
10002,11.178119917475541
4926,34.45328504676968
279,18.417865992504275
1614,27.4045470907693
7163,27.591386603781395
1740,31.390580904175742
5449,24.509958249406232
2739,33.54541380612277
9653,35.009976299070715
11507,131.31210903039454
11215,136.07774760905394
1860,78.73740284256115
10085,47.21482245061613
11509,43.088732467033125
8841,87.07952463975342
12047,155.30939314670678
7330,25.545787816177892
11939,176.3344198643083
8947,56.6438818604708
5623,91.07003178132041
3438,10.237421046031557
2142,28.793119706913814
5371,43.24477142696169
6383,33.00094387607125
8402,57.56969998896223
2770,13.037501231728754
2211,103.75899583904749
4076,23.80772191763016
10798,28.078408840126016
8748,56.69922127729309
12200,269.82621990831217
6284,109.6019990128766
4838,101.93528471943293
11060,49.89934892026559
3713,316.72475059653334
4526,24.70096971868049
10528,10.847020542689592
12097,64.53097842499531
8169,58.32487825935212
597,10.428737881381522
2352,140.2401940635898
6756,15.295143206236872
1512,266.3419617209834
7409,23.062428059383215
6797,20.583987789071912
10527,12.797133485198174
11232,55.158560220549845
7966,17.95405397726968
8580,35.257520914880516
11844,316.93052810863884
6214,52.866701014220624
7306,30.646099466345106
1442,27.39355356650168
6629,99.70235882881317
7215,72.77563812296975
1884,3.164296068522731
5704,222.86330501880042
5741,60.47447868444732
3486,13.693326577742866
6957,29.690812923599417
9283,42.23791241792477
2932,373.9840094355754
4750,22.968737229423077
6492,18.62789931909029
9313,49.827191505546594
8223,103.66906214903506
6893,31.01376438818263
8514,228.17312906971807
3115,32.96955831638611
2247,26.152401345031848
12260,11.665631327653415
3147,20.07584285916647
2720,34.277225267030026
6263,127.57722172736146
11002,248.23901428842234
4664,21.84017346540935
4048,36.81371444934518
11087,1.665673866202411
6364,150.4837723240916
2782,50.984422031558545
5903,37.31761031000167
11622,43.385501480162425
3377,115.59138768786647
5739,54.6239767843568
6951,36.374043371660385
3821,10.613186086783713
5801,25.25158381568137
5021,-0.09750379440791335
12080,45.89350103049394
11754,66.43900885512429
11231,61.73757848719884
12215,25.41089890651427
3106,65.04225129661059
9442,116.10771387597013
2572,8.884464527335055
4241,52.44788033331547
8217,81.46517716193559
2291,23.461923437122522
4496,88.76087673909193
9399,46.462312265640755
8487,20.500795255281815
9734,59.57511348895211
8319,48.68206061813552
4567,27.667758361000352
8940,44.66583891502482
6075,98.31394545560306
5110,51.470093939626395
6763,53.05728329869771
6539,58.73538221773911
7204,17.8249121540142
8021,38.60581148187644
10581,149.7615031597441
3910,14.323580103681138
2444,34.42478219933842
6496,21.18858992230183
1796,66.7318670695242
6318,34.93305731178086
8064,24.68107467905027
419,40.78343096232221
2769,-0.968419916912481
1831,215.15380300152603
6681,16.749149869599194
7688,126.63636555024236
5024,12.343296684275842
8926,446.7765636669508
9038,24.909906479152895
6863,25.834189028789694
576,66.76398542024626
9993,66.59643679689304
5647,29.791767449243572
11001,20.78675888002926
6911,28.694381441058198
5112,37.158922432453224
2521,45.24055463405597
4171,378.0814570751604
1951,95.4328714144155
6019,138.2234939244276
10585,72.23734957667632
6073,225.71663719289234
5496,12.266504412017696
9667,34.11171968252874
12135,19.65135826320106
6172,91.50638980955635
2540,38.288019778607904
213,16.028944853684095
11683,70.32483115709516
11822,28.376759912172247
12246,144.10060722116214
5087,13.37615165222195
9962,37.40517838336472
5826,66.99810668235024
8366,40.87524342141215
1259,-1.5592282631466503
6527,37.63392604261591
12174,26.818122112488986
1498,23.22209897657411
5740,53.29021025179016
2163,29.265454861815
7734,42.48478909092349
10900,209.4628420843913
5733,373.1927862382754
241,9.906424784784917
9131,36.95529059644121
8685,25.46052400368032
1809,19.77496223596018
1062,181.9603898194549
8935,32.60999051564516
5656,2.189134380915135
4820,29.64405425441676
3285,18.912006841545008
8094,58.633940156991954
7420,20.68927727207604
10654,90.22861816002862
11039,12.455527690178542
109,38.13963198424254
1537,31.265611253845762
11065,-14.975332440922287
11391,30.98035017359264
211,31.908908649260667
9948,25.922418458820758
8299,42.249696818379846
9845,78.70078572507389
6580,87.15711492029295
1972,105.1971285845288
10051,56.81167176058621
3949,75.70367081224299
1565,37.230381607912776
7979,16.641165103078436
9508,-14.286473421655444
6339,28.560114138882483
1065,1.473906722490952
2079,460.32993682856386
12220,8.222817649947146
1219,52.507819336618375
1417,14.971696370740673
2298,72.84341091107103
8660,47.311080637750514
980,20.81746238242856
5373,43.24477142696169
4149,96.72850060002204
3785,1.4580434058174916
5171,17.611621868555716
8880,887.0784568724503
4733,37.6434722832946
8142,66.87795980660746
3508,9.352004506201183
10161,395.65326838603534
12078,77.1256594628286
3043,52.71963141317497
3334,32.00490188561213
957,27.302251996154
6743,30.133146090463256
4986,21.92367512971026
6776,46.11060218961776
11441,30.541498841325193
7292,58.123554599364795
3705,30.99928148588475
1076,60.35134153814252
8326,23.48849063517384
4300,42.844213561155904
11135,-1.375990678120445
8611,18.986953425129627
3514,13.864311464932044
2676,21.697062043308307
5780,23.37897154508046
3988,0.8250195582945565
7432,50.22306260465945
3745,100.29766204836216
5162,19.182005658779836
2506,13.867975829854103
10739,365.9721302353005
3784,24.17748483704051
790,22.854739221877267
148,17.476498094864866
1321,26.82385309009122
432,33.24596215665831
7091,25.21502403952111
1060,28.190890967941662
3121,23.252710569903016
12161,55.22573990391688
5328,125.12108663546383
4036,274.68825536135483
1315,26.51224450305409
1706,147.21348715830214
4455,42.844213561155904
3529,39.1887447876496
7479,27.871442398937326
3182,65.84263844146413
2949,52.27163848777288
3057,44.470533155962485
4410,66.80719917407178
5095,31.76360741516875
2203,182.77376384808653
2865,26.022955364077383
11202,28.16810840041007
3612,40.85954775379827
6651,52.92171152550506
8643,40.901916341792855
1731,73.17351495115311
160,31.449742516165074
1341,8.101844322293871
2985,27.45690530257913
11396,20.052461906747027
11811,101.09699141616116
5104,66.7881439623034
10430,19.905233592607416
11072,119.23234963515512
7441,25.842096128070324
3408,25.414162750281278
1615,15.144298921023008
9781,39.2588769078743
2099,35.000934817417914
8130,40.64372596473576
4084,33.14392146905936
9135,24.835593854520326
9310,79.36726437092233
3648,44.74691938925293
10954,35.06885401601446
1087,32.32246136468423
4865,458.75439840537
1236,11.278692952325201
8295,50.29840259601468
6146,16.535755541781796
7435,30.402403047164356
3517,180.58506811315036
10285,23.93067799499174
2810,31.24595075806394
6551,24.827416584613545
2367,31.883038938988776
4841,31.02985862462379
1134,59.839894984393425
6985,33.57165134547669
4395,276.96596229582894
1012,25.26883221503128
5359,36.273168791074596
6886,34.3763138032226
3088,6.134576220596713
10963,55.797992869755596
7849,13.999912465338838
2595,41.21727959830939
11702,68.90412690247263
10902,87.20254962531651
12084,257.04757488611426
10175,155.38827682751685
7465,27.838143510710992
7381,313.22132922265496
1685,31.217204296314193
8357,150.35831795488647
840,12.342356383533016
9830,71.43289151633499
10734,17.925807234344376
6519,69.60815727323138
10853,24.22108503549478
9314,17.620542049018354
3895,94.53149311089535
8378,138.21421712701152
4519,32.371771915514834
7419,40.8647387055487
8811,31.16669672126782
6895,37.408711464426894
3007,20.538908554386452
200,91.49479668961847
6536,513.8317528981722
4408,111.27832973551418
10389,53.2903398979786
1568,45.72874066804902
1712,47.10913333489462
7923,52.41956374843472
381,20.606316732156017
3971,31.66333422135687
11967,32.986101285227335
4760,53.32192320493165
2010,51.96368224442037
3608,63.99472781727694
9883,33.522821045338375
5853,45.55229518333354
9869,96.86504889701841
6512,76.16724497221446
11348,22.23191661679735
1827,24.9280418848696
3189,44.02396206125179
9395,48.10933489925865
9020,1.5090036455854516
10270,27.762864310578635
7395,32.04470779422338
5124,246.59458163061242
376,35.801504596721706
9071,177.77506855533218
568,18.627067609219097
7004,0.8988153466402622
7249,16.83687749983153
4317,56.56234187051553
4387,21.72142936232168
9598,35.471892261193105
1344,8.072246722310211
76,14.465672686089562
378,33.39373217166292
9414,14.191846226741035
10257,24.431428963175406
4988,27.259160708909235
9588,42.98273170266656
9003,19.82376470317871
3857,110.0794209594336
10975,43.76522836527876
794,4.978659293228489
1645,100.6848428515958
7998,101.60864654795222
10061,29.832630899733488
8573,32.35327077124663
9423,19.7838871625235
8490,9.540273838760086
8690,156.04861601927126
7945,200.11126942777267
12208,96.24018142655021
8092,54.34389075496861
2019,22.642568093349453
6123,32.14363541745346
5525,163.85376065860476
748,19.71196627746083
5165,11.098269095283399
4170,27.571204638000644
4091,25.306953327854742
10000,23.57007682797294
588,26.86024366135443
5473,103.3689805338663
10763,37.90759611690749
10135,19.579334990461007
8784,49.339166301464005
1022,14.302864770068823
1,6.269633957629509
586,43.60226094420146
11416,58.946940036621015
4953,162.77848080315903
4314,509.07580629064387
916,76.22206535707222
6327,30.791635086674923
5387,35.36732295566203
5586,55.5804467969532
4659,22.570126248099044
3357,-16.352209587186664
1934,34.401288537667014
5699,20.15130897871164
5091,43.80959969075241
11520,198.711138098965
4151,58.48165602198142
12,39.51928760489953
5438,460.554755395147
7064,79.75561652077985
4646,35.377922319166814
696,-4.812622532344093
6216,95.53558651193777
7383,73.17944205930496
3603,72.23341545207452
8358,134.13658267049954
7210,312.16159987748017
11563,33.37189605929523
8543,47.690197193148265
8707,62.37361458661837
8420,31.892183054725173
1789,64.3222208654334
290,24.439512377021643
3123,11.245616990452675
10467,13.872228596308503
4109,21.419508711288827
4808,198.5391701147928
2377,12.426117443760944
7687,23.336447910000246
9340,10.178399253065862
9857,19.227723494215176
10309,86.2570686213234
4221,109.75174846854745
12042,34.577167434952614
4470,109.3019162905768
3407,23.218063796650128
2714,67.96583356646272
8572,33.27408418892584
2192,16.700525257340715
6440,37.76066188031578
1453,18.662706660784337
3799,153.7998698046936
11752,88.58455417114244
5555,28.8877148190074
11819,22.292011026097065
12160,88.11424898048233
4589,103.87305308488776
6939,60.961851400589026
8686,23.63290537079834
7447,35.65874301843539
5513,38.46960683005379
9141,37.399922449165615
8436,69.5417862044842
1222,64.13262860098968
12077,75.90142676146584
1940,11.4432826608205
9446,36.24834629222545
2616,-0.7934824860123513
1125,19.8022302909949
12191,31.50068884769847
8032,37.34945386996159
4592,153.68120106373505
2979,79.87561453891662
7389,39.3559876453916
3170,116.90674491057199
5447,52.06996102288343
5228,36.024451095543384
3029,-16.23969005044671
4655,28.667731109999593
6805,195.11136273936268
7709,213.29312314887807
1218,62.70899185836511
8532,38.900051185232485
4471,37.70502081716006
2438,21.920014493160316
7286,105.10634607252051
8925,114.27683572363507
11505,24.070076260249735
7055,30.2442065198387
1371,130.0702408650044
1129,33.15321239154915
9960,12.011287281201334
11201,1.3680635219706545
4133,56.008237585901554
4121,19.720523398828902
6418,37.63392604261591
2097,44.68407929337306
8964,35.91684313173397
9778,1.0637982166793165
509,41.33835434759058
5894,111.82299092248194
4950,231.48375097422638
1528,27.93000585136538
10241,33.913048574478296
2590,53.156827925306686
793,-8.698375960265508
1064,40.95269276721436
377,26.139579998715107
3739,94.53149311089535
8214,445.7109492822905
10216,379.1106513108888
8429,119.20377669452839
4388,33.73075772532823
12037,42.991420849695025
8218,98.20659069071749
10945,-20.336981588923734
8148,33.11171451264704
2695,150.12389463723005
3704,37.8521964140899
7078,76.4109144524933
5033,18.5586133114183
5693,33.88886403806303
2270,24.76657615693452
8105,388.2499674227196
5451,24.338610445424223
12058,42.96235253746559
8457,27.81872238263695
8715,82.05486535718966
5767,28.393270238333187
10328,143.31569171553986
5723,38.72586475108467
6866,26.570138198036616
5816,60.9194927433601
97,10.48356143122949
8210,56.863427681664945
7918,10.147583070169716
6954,43.80884779893347
35,13.617982164860265
4941,22.371253009966118
5868,37.23805920452769
3554,33.550639708958315
7828,56.81925193656663
445,28.14004064698058
9121,32.27480705748984
1710,37.985040999696764
2069,24.218180983869388
6728,39.853952452874246
3290,301.0345554470439
3284,12.694825348523082
4247,69.64183563062922
8510,20.239540197234035
4559,80.90800889704914
4034,167.84622607365543
4909,61.01890787892733
6607,48.547683389072674
2433,9.38834366175331
9228,37.62632861830062
3773,30.161840587223928
398,31.126093429662966
6109,32.25245785329151
5884,54.33315630040727
2653,30.750676684208713
11654,23.104484006577323
10164,258.7839676970758
1061,23.118704003133175
3425,41.44343463737768
8330,349.79776049308873
7513,86.48640074544187
803,98.56288736008077
166,250.57203754291191
3248,18.16799131329725
2224,38.82483661954176
4017,25.26264684977683
6369,74.10398378029394
9503,42.67359232703608
1421,110.54186666377237
4274,19.39491865575628
10083,105.61445328530576
8277,111.92256218834436
897,19.375191423927873
5459,2.8263636837259867
8868,59.32039498842045
3531,30.782525262457085
1675,82.16355745070334
248,379.363834561814
5064,34.05692287401966
12057,42.27977446113708
4912,46.280587882741564
4892,215.09940241866877
1042,18.41681597391556
5790,27.284836494381352
1308,31.84751095112525
10948,110.88376447116237
1576,18.469702115210026
7711,111.95332360825805
3944,84.24361284702981
10338,45.021578872746275
9876,31.30025828275511
1841,254.814074066453
8344,2.427343700915813
5582,10.845769224784007
11156,37.74554434220021
11522,75.65672730457773
11855,27.563921593328452
246,2.6479060077735284
10381,26.886136716038273
1653,58.87195522979687
7747,24.959994977166218
1739,23.5730165008382
12014,50.42389762851779
192,26.220032924295957
6686,61.970811608709795
2713,68.65897139674416
5369,33.372324061389236
12108,9.357102697574192
1142,24.841716589014297
7247,29.452522839144166
10172,106.11057497088689
6481,200.37040056411655
2858,24.295843847574254
8973,47.616752255731654
7768,118.33062327533722
5503,24.192958309717056
519,51.84117155860062
94,-35.169496756030355
10026,137.20179981095592
7856,138.1472069684197
12258,24.365869865900578
3506,31.765612283920447
5661,13.896926698702586
5773,27.152082616586213
8753,35.243410244898435
7238,76.4109144524933
8399,62.41383284639645
3258,92.63661716884718
10552,889.7991730568883
2853,19.779310918102922
8996,33.75493937969279
2545,-17.38535796737537
7815,103.71125451322743
11944,144.15334854445558
9802,36.63796803337243
738,113.36650845867166
1225,44.07318092747997
6529,13.812500114574917
10878,58.86240543901495
5198,23.46100471542796
1579,20.071325486047478
1743,18.656245362582027
5303,44.91458593160271
3941,20.220419606551644
9783,31.592141553081014
5675,12.231778662911893
6836,16.856172853044512
6841,33.2749955460264
7643,18.64783296075163
5819,68.35605044240619
3545,34.851888195013046
11946,58.021143173869774
5263,149.33315611898132
1314,8.201849697113971
341,19.92897050049099
5786,28.22937173348997
5311,43.30484845185057
74,28.381378330432128
7905,53.04106154470058
5074,34.6689319273477
30,27.185790075493074
292,26.622708051201883
1231,6.2517784307472795
4740,40.788186702966726
8416,39.84265149658546
6891,21.535258899288692
3728,21.17833131341238
2694,240.8670373820981
12068,30.350861658719545
604,36.9141145736197
7191,99.65764201675243
9204,29.002181614370798
6997,45.284829598402055
7241,69.03610293948141
11401,23.44427463277748
1120,30.75805232369821
9033,34.70151735239652
5264,60.38820642195668
3900,100.29766204836216
2647,12.778019754957711
6788,27.18210290631147
7968,32.034676478299474
10988,76.48359774493088
9561,22.210525132667968
5227,29.949990160708225
348,118.14069023373493
6138,63.52633788383776
10374,-18.18009661016285
10420,39.44167878217495
4356,85.1153114784257
12086,77.30623960300368
255,49.84777321072931
5540,16.517637378544848
11950,71.51833501777638
5994,24.493632924175934
4215,20.569881251243473
11997,-2.1898251850214336
770,77.5213758867499
7053,58.28230461643619
2446,11.235068936027687
7434,44.22085243983598
7454,29.069866650251
2665,78.49382909601427
6258,278.9809723359442
5713,105.29751492421832
9079,72.60993150123586
4566,25.91146227638461
12090,82.06225755511699
3208,31.888316759494046
993,48.601365376886264
2995,45.03561279008062
11246,30.540979848677622
1842,186.42730569508637
9813,34.390223877774645
11815,32.60286205300043
9642,47.07247605794714
5182,184.43037929880563
6508,97.82189490566239
10275,28.171867585253842
9461,61.580806836354846
10768,37.654156250077826
5532,67.9610377107113
5572,75.28251968870559
4439,26.672965615352652
7564,25.842096128070324
7862,105.16225027181889
891,10.018041940379433
5493,39.060075836861564
4397,343.31013955400704
1217,25.927329758667206
9160,22.11284532804885
10554,350.5912378522244
653,53.172276629786296
1549,11.4432826608205
8915,40.514227820870616
6505,257.9351494040764
3330,28.365727628001103
2081,212.12026660523497
12104,20.73932851264925
4472,-0.6945343900581236
5990,58.390815292408845
8526,314.94340159005344
5738,44.33509237832385
2711,36.543963350044216
5724,33.20755351377406
9473,27.180085581946628
3134,20.699608742540505
600,13.350351921955905
2326,72.99120143217726
5179,15.639416638136055
6446,48.46381099970612
2525,24.96656882846512
1434,49.180004559696556
6522,35.48718421999086
11045,117.2021626794785
11055,23.171650198637657
5117,39.98084614781916
6148,13.025000997837182
9147,34.80423332785138
1089,30.034503914159103
5581,28.763755892517707
6041,39.38230053859658
5617,86.2098867594271
1649,90.64841093028934
5126,387.7118868351798
4238,35.05543261856601
2777,179.03837350263106
8243,15.003814148125315
9997,9.859523013916714
10623,61.15005832287273
6101,72.06371878793415
11810,96.27129292403693
10629,109.66195860104875
186,68.38750833912226
12095,64.6337833009133
9331,68.72534419474366
10048,63.580251652406886
204,306.6791565127061
6556,3.8375873677493075
7609,132.0317965352969
1136,48.47575358236017
9933,157.23491523457938
5807,49.70931840180288
8870,48.4619288125223
6739,27.71141650064814
5670,32.2281910461938
1472,17.50800930583317
2975,29.726222708163647
2278,49.70991172217532
9259,27.41750834048576
11515,-16.194744495391745
7675,15.116085116763344
11355,-21.614117239779773
2108,45.08764695919753
1439,23.92941247405186
3814,24.081331780059756
5910,30.248540474138707
3332,38.71645650303259
7414,25.414158096184686
9406,26.9401917555315
10891,33.88691825462649
3047,36.65422793656836
852,83.04915988931234
1252,19.798955710527025
11111,57.12047336268644
1426,82.81053168001755
3878,49.99407586834494
2041,13.233607617505555
6155,39.65831315385663
11362,28.712527286966214
1108,53.72437524267981
7003,31.869243517757084
6606,62.151948372373894
36,-0.672954434626817
11729,33.56721474035806
12070,36.22350300485681
10683,33.949156461746256
6542,25.778246261670688
9635,30.80081495452343
7582,40.4736291821705
6346,28.405418658756304
6742,3.1571710020024284
12123,28.4667054282383
5402,31.00258616090379
2746,8.884464527335055
1467,18.029590192625548
1034,23.706066189742756
7495,124.06075618280933
11555,65.65277835802257
6980,35.84385141799672
8002,61.41751428286226
1188,50.33416814854624
11649,35.71155554439025
2443,24.230053526499795
11765,25.463842552035196
11312,102.42865924543867
10570,36.0380229573282
1094,21.97141682127102
8408,17.02667521529054
3804,97.80255364087175
10801,32.13326927763998
7470,37.60520737208722
1885,25.613365437939045
4183,43.563216619812565
9220,55.47395062143018
5362,53.85695637110675
561,2.6900086703915775
1918,10.918964774305906
697,8.444087124537305
5584,83.11668606014686
4417,27.520079511613552
318,18.041934011507678
1698,32.08191080087936
1313,29.02782859750957
8479,96.59624182611552
4313,267.9843738898486
10574,24.203449196474907
1058,52.033598999664996
9080,49.43274803762684
952,43.42735319829083
2927,35.86088072645502
5817,128.11050072936303
7814,76.52212182512167
10867,5.521719128093892
2038,-26.4389589544422
7275,34.613628680148715
3947,87.88345758443687
10185,31.614855192954238
10766,112.29953624272524
6420,40.2915106270524
1262,-19.849041050704017
9223,54.61616611238785
8283,134.23942097177326
6550,26.15747994202144
4429,50.844527215077825
2569,27.860055149903424
6160,49.335183574105905
10499,198.8772499241011
11871,46.451588230297176
7836,41.49542603329182
2258,30.06149062325744
11140,27.301755713333556
6689,57.713276524148064
8539,39.84265149658546
11494,51.07555734800661
1360,29.102897227690946
10266,23.314877722829394
3932,37.35458108872102
2499,25.066630875580955
1882,22.297601614483767
252,67.4234043420248
2597,41.034542888237716
6056,21.260725738331104
9616,200.9242223152902
79,18.470915863119117
7020,54.33240199492344
10371,32.09684021743861
9179,111.07709672112185
106,38.32821222871807
5501,8.717224944542949
4810,76.83667348388758
9644,188.81335904264859
7773,83.37455238680673
11661,37.184522695510736
469,23.51679806763113
8072,183.6220882136289
1794,61.343668977766725
9178,61.325506411121744
7340,11.979136734395382
9777,46.735074122345765
1705,50.896144675609136
6390,41.15027785308726
7140,105.11358793957723
943,166.0194471288641
10539,36.122950060262184
7156,14.111659503452785
8788,24.915284499417666
3039,195.51578069661517
6838,23.161891573998496
4051,35.95774640372075
7867,58.24776665209723
1554,11.200964578849181
258,39.45084870726519
3767,454.7562981028643
4096,32.48919998627437
827,103.83977638889074
11029,34.27230829665426
4336,1.7436691192547755
10300,129.07302895187325
5715,309.64475486417905
9469,31.679520482098923
3035,39.32764963742291
2981,44.42227584162464
6443,112.24848085849256
7425,110.10073880794124
4889,195.00233689122683
10615,24.053147601096555
3756,26.88282997703743
8081,69.22926635391373
7229,28.27932000663133
3227,107.24773976630746
9977,60.15953575598436
3460,465.43931158605585
6349,19.267068103349487
8719,47.07503772254927
6194,29.97644450979942
1848,99.6094241499424
7761,349.26834382474254
11251,22.471588208226876
1014,25.08336040541957
1862,40.99159788876116
8806,24.234559236423983
10799,40.114076540205645
7266,36.39468125937345
6890,27.70691202362238
4282,434.54270957545657
7877,46.25496355814296
6121,103.04305895990203
8004,50.21524568464065
10263,37.06656992622425
5462,12.343296684275842
5996,23.107186823315786
8787,36.54933616958614
2150,51.02423983461479
5220,33.26980053064527
856,84.30658656945688
6190,27.541427826512304
3879,13.532969861709546
6972,36.312822320975
7753,34.31343421506911
5837,35.892491579101964
10860,55.215791010170456
4259,197.66383574971735
998,36.936956360346514
8272,664.700952543627
1657,36.26027705468358
10169,177.75211237304603
7068,18.725339049361892
5652,58.70275414596534
10580,169.41065145937117
6336,27.612833903550424
2318,114.20819231317151
8894,83.05510774011371
4680,22.605391140605832
6142,43.09383444623367
3790,192.67384158978172
5376,55.47248611799873
5306,55.29058513439057
3083,23.14602212764963
6199,25.931862794347822
61,54.454384291634966
7795,41.10379691430326
8540,31.892183054725173
7379,103.6932327812263
2363,49.00103997475238
7040,-12.509776443875836
7410,19.23761858180756
6703,17.683644773290524
3056,41.39003216359962
8860,35.80203728264798
10712,23.16370441050509
3478,46.80014516058627
1096,369.3567133653887
3477,69.05033482605785
830,9.195735027543918
9591,98.69846470429135
8785,35.15946362323484
5315,3.6717146086587036
2718,37.542277551709205
9563,21.200978377926575
10479,31.83290783894381
10723,34.89460062037836
7252,56.70824381313891
5209,32.01797818560503
7448,35.15219187403971
892,23.458797468828834
5144,48.9807781540279
1156,74.65146839752
2422,64.77296277095434
7173,79.94751635753437
4055,37.35458108872102
2601,31.044055915626217
7112,23.39248965542253
3480,35.956842872932356
10691,11.981677273479932
7280,22.147637937060765
1454,20.631178909657763
6265,155.44238528718282
4956,98.15800095030878
1289,20.640662688234954
8461,25.718584054798328
7938,20.486818168830453
8086,61.101324612196535
12196,284.31292230598535
6164,137.38881199036473
7302,46.22506932654093
1550,28.110114622841316
9544,44.36938871541297
4730,30.070519292597865
1380,29.78444424628249
10817,29.55874374337275
9069,173.4994693181311
449,171.36571216425227
7547,39.3559876453916
6617,880.0474792117687
3643,51.54464915294419
5419,53.45308253123325
5488,26.329841903030733
7736,12.776080068191945
6582,5.006059178520246
531,42.25043887052181
8976,137.97550126087867
8628,61.58899273562086
836,32.924812786553034
2111,34.00413639757062
5752,26.330072516842193
11877,28.81414820360242
9174,7.345765401226615
1306,26.583213782173303
5578,32.262893814398396
730,231.02243447442152
8727,26.576142054670626
10850,20.859032692891063
7486,27.38114539139118
9112,33.70384148599715
1113,29.325899087427757
508,55.320896094364414
2577,194.90572012562598
1984,13.709554473973299
3220,865.527149491234
11625,10.357400455525067
2185,26.092220826898014
1487,45.81301944700145
4747,39.87004907058365
8240,13.866733019804144
6070,346.88532117380174
6590,12.934152109696925
7531,41.34145316983754
5660,-24.580502346222985
8061,22.535413059435072
4164,34.17669808288615
9577,96.00088118141937
4824,78.0245749482306
9130,35.00748154652939
1285,56.48126490350788
11790,8.61283550972982
6499,81.15311173768902
9108,41.88747005821832
11344,33.51599743056589
7538,89.79533135144646
8561,23.63290537079834
9381,106.82873819426905
10519,49.07356856067584
5109,57.73000612419148
6340,33.05559102310146
3341,14.583462663622043
6274,33.71739236288016
11292,29.540170825505342
3441,102.65816687965179
5136,101.50167986193847
6991,40.33766698753524
6113,113.76806265263782
3025,4.862252084351653
10019,29.912476049519675
9376,199.19469546252125
5640,45.35661343108447
8993,57.53893131012768
11664,114.81009202837285
2023,25.170594430940795
4638,30.738148757476303
8747,80.18413106792119
7692,26.205795152078053
2602,29.84907251008959
9621,150.43828870772026
6650,72.48590950927716
3484,31.82679871076509
3118,33.27179339933018
4476,33.85682933511926
773,47.70584449801992
6458,58.25146420130494
9205,389.96309712459697
9447,36.623767687627904
5782,36.618333326154996
5577,49.09049155217963
10808,21.232586981959727
10434,55.80995630564149
2124,7.20166980970555
4079,24.97650818767235
8147,23.274546478043746
3141,47.844006132231044
4029,384.40192037096176
1372,138.82095196781995
2239,197.81395444050128
10200,10.289146851495033
2789,38.19033066851539
8406,41.66354285920395
7842,4.754146720719191
2103,30.143326496366072
10097,43.96378534186961
6628,41.62100472097789
5102,24.348204204899595
8673,54.90509390087039
3615,37.92231683462518
5960,71.65710785457892
2780,66.94379973331796
10101,19.261904636123262
4989,112.63731867068594
1016,21.890898832011644
3623,38.35425267732913
2744,-1.76748674910381
10207,30.890106970728013
4796,70.46696943121822
2899,90.2157264973657
2088,167.7184983460334
2689,35.18876373617833
4871,31.65782996548137
3482,36.03123138490284
4725,44.68314882111637
5499,14.785146357707362
3242,9.94929888376221
8249,467.56960872927675
4530,18.93437405391318
4546,31.166561676493274
10484,23.37341693948806
1872,38.86256645070998
853,97.52360776202882
8144,54.76607719955339
2155,27.328515222451003
7929,28.86826119718401
7530,43.89391661164328
2497,11.607404941268442
3791,260.74117751292556
1577,17.233428052734908
276,41.6467306803697
563,18.986261887448592
3427,63.089820849252646
7094,17.353412988899123
5188,52.808643930599004
1278,121.06165906133778
9302,40.000812506403356
9111,23.19793810325025
9519,30.669930138099687
4440,111.87325351823438
425,39.206114063270434
4676,18.08630198168491
10845,22.478125588297473
4198,37.96742066970197
6180,57.533997749965394
7598,47.37654648563062
4227,32.951872627317144
1656,49.81058648790968
3659,36.74018955906503
8405,111.38550363161944
9124,27.684951064361897
8027,29.31821693985964
10445,85.12499836456394
8011,25.71754111970054
3668,28.502930031287846
8718,69.77553318051365
5092,94.21048620894635
8738,26.47314222068809
5190,48.92970920823038
3985,-24.913651165905662
3996,22.783689215780335
4422,273.14327141167837
3237,14.263051267934117
369,63.29188094312933
1276,149.9607110250876
5485,4.516534430095433
7780,17.74818636159506
10399,25.807656084850976
5497,27.32435250717898
2375,15.69377126928299
10643,18.322072912526494
8743,327.616149630515
9592,103.79354444656693
10983,43.76522836527876
8103,26.862602372446787
4515,33.50239929589694
1701,18.469702115210026
4111,28.06138788480291
1443,37.591208630033634
4938,30.902229004313696
5224,20.730333804765714
4256,41.55113474749312
4192,33.22334172866286
7689,52.769291296404816
10669,44.41750310139675
10716,103.02715554408209
8314,34.68812857786892
5643,33.39126098087956
8360,72.95770902740365
10700,50.682420275825365
1181,36.57431609675098
6323,27.443218428883384
2293,29.44222985800826
3251,18.55524681338875
7670,11.259187601133334
11496,44.00317893096345
6753,2.5531877851794036
8224,59.70493769670376
10369,31.26670294215559
3218,28.030802273393768
11445,36.190100631009535
11150,132.4603617013556
3826,7.132170929293977
5730,49.12577895207025
9499,63.12561990372525
8228,74.50771795142121
5345,47.85092669376599
8044,37.66924117209711
10619,83.95748006750884
6562,661.0012944019709
8089,48.6940229226134
8152,40.4771292691553
9928,119.92723871169838
5294,205.00846967972527
2906,34.68708254284445
11305,200.53592611314645
9288,26.171396083765444
11620,71.60758788126343
8176,26.761691878104827
1486,74.88749032612557
6977,42.39752524179591
2759,8.210318894047404
7801,32.36843048425526
11623,24.374796731508297
3309,21.191205486803646
5097,34.04181552520114
7516,67.85978870082575
9565,15.882240319623264
8863,34.63016636793871
9345,15.863166944256605
8921,31.7834350333123
5010,65.47644768589765
4383,7.792984375360717
10251,18.988751957672605
3619,33.33984270218002
9273,38.37476579988146
6413,44.131357114685215
7949,177.42359459695336
10628,42.08370930797759
4370,41.11363846552645
9175,151.04222595298498
6197,23.655050209837086
1673,194.00891359125876
7744,20.053542443666686
9107,33.89376925695964
6202,23.01266097123866
1281,63.57082499279413
11288,33.939626847093535
7628,58.23427079507955
10375,39.6928568842071
9870,146.20106210107298
10045,56.357503660947245
501,68.1103213361698
10981,14.28741547954462
9377,217.02849446365073
11273,7.980293077820079
6254,255.36759539282332
6592,12.706406090588217
10320,35.259835969174006
8195,80.41365530023612
5463,657.9582610820895
9610,251.7325228922197
9530,103.93038619087542
8167,69.99638446688613
11731,27.34834335200142
4897,102.72664868985443
5009,82.36095396552119
2344,45.75691366532959
9871,84.55800632367783
7336,32.827169293366374
7333,96.33083838432749
1490,41.09058018073708
1495,27.830546857278563
5,52.9386810485731
6474,121.38965175929783
6604,59.40092289174767
6004,73.2439198606664
12255,30.69401949858809
6185,45.767894540385605
4835,96.24504015175343
8534,39.11375903667743
9980,350.5908060899689
1893,17.370847481966052
10126,96.33179683730185
689,106.90783495361956
4529,21.802164753616026
4921,26.970416926343987
7368,363.3263734100186
5310,34.6689319273477
375,53.90430131500021
2874,19.535306395339
1180,47.99211060821727
12190,16.685219540943024
4859,13.690508345197344
2582,85.73123295217546
7350,52.59755998205928
2965,22.06990031961338
1540,16.683313475780338
3089,22.228752183975743
1201,72.88037556040946
10282,21.702868300880084
8275,199.43220021641025
2573,-8.352046882176907
12193,18.790177229913922
4052,32.46984165648896
2640,18.67733933624035
2007,26.165024550517558
986,175.54759795864118
9372,12.41117489785809
7056,40.63834216993294
6277,39.65831315385663
7079,103.6209847697694
11680,131.72773118457553
8842,69.25397922578865
10487,205.97251688192972
732,98.42839836347379
8962,4.155300751738054
11768,30.379161414759217
10028,96.86504889701841
7205,37.642125532322424
2644,17.235681175548436
2552,35.407942410250655
2230,31.268745617816492
4064,68.9871554196869
8098,36.3257467336171
5995,32.6239709131371
3143,21.44115392066726
9683,23.894801964180076
4785,56.98589117440394
2828,16.299992100618823
9025,24.81395563466961
2973,28.341028528343244
8876,29.322194276699364
11692,19.58309299750625
3187,44.702452024385494
551,74.55361378900977
9737,47.10079287181007
5425,28.763755892517707
1409,10.842696185442321
10771,19.344205682044077
2053,8.2839291109822
2449,5.4131577142092056
4199,31.578534878753075
10680,25.61120603099679
7304,34.95039611000631
2469,101.44911387293142
11734,36.14529578116597
9555,27.046751937711065
8867,90.31916187213695
965,38.23949204541455
6801,225.38462096211873
10955,2.2635659908881394
4445,143.70314770499678
1881,8.887803213802869
6793,30.151067459158178
2241,84.7433116742377
370,93.98752767951615
2763,16.406241986557276
283,29.383722027891956
1241,447.7656818417276
2073,25.667589534294322
711,11.683422119582772
1806,11.200964578849181
7653,76.52212182512167
3270,10.058208880632435
11905,16.797080369734687
10354,40.134258511533005
6667,97.82189490566239
1451,15.975024986795361
9641,112.99255427442833
10154,28.648222663559274
12102,40.46864940910866
11390,20.926014927936222
2866,20.945308070049236
3689,66.9945588824507
7601,37.11909584428668
6329,24.134580450867375
9728,110.44231069436162
8323,31.798960853361216
11046,50.07012139759452
8318,59.539220125727894
9167,57.20214110738397
8155,103.26446684206334
4994,144.59254137016492
4178,37.67092439960277
8441,57.8488646395507
8478,44.96545289094041
2342,76.09083292489107
8131,41.23834766673704
649,100.05342211629815
3738,133.88087059190238
7602,30.566237187894366
7922,82.15989159255741
737,95.16542209424652
2772,11.255761132048946
3976,21.56632674276723
3493,36.212813110693766
4597,37.53812391810759
2864,19.57175860141284
7267,4.85487654373415
103,63.239204158299486
161,24.413427982155234
4113,26.442371871409875
4461,64.71690470847994
6303,22.910176883889008
8261,26.031259595630708
11061,21.97684920583518
11172,69.77550448211014
11107,22.13668674882721
8470,13.481998682107701
5213,27.983897686644895
10194,38.88949433586572
2727,41.139230646541165
3328,71.92352382988268
6008,3.1690178044858897
1682,23.39856972534629
4110,34.439300311368946
11521,107.74098551874756
4264,56.53554210846305
3904,47.17791572425672
8102,41.23834766673704
11189,61.81897008341071
3640,53.22506831090294
6597,9.111617083123463
2196,18.572359961967763
3086,8.594118040346146
9551,32.17073293632143
6892,34.712062335918944
8557,42.213677015588345
3882,35.956842872932356
2553,14.944290456763156
3931,14.689534879460197
3272,14.653053686736257
6100,61.888910916323574
3152,24.990480168656504
6269,39.529536359000545
6001,25.9346291755175
5276,94.54722392737095
527,76.69442766116433
1933,31.204735490776812
3340,13.255054741564607
10508,98.67197722339357
11408,30.64770095296872
7590,36.39468125937345
9100,54.62019293525071
12166,23.402292706376436
10334,31.26670294215559
10711,18.128026295038467
5524,97.44340401355271
4996,70.61815875319508
8875,38.95214683444823
927,19.676818933061234
5324,29.31853798270643
1546,16.871110799377888
2064,47.89691839427212
9327,32.30587521233225
7082,69.03610293948141
6166,86.60038718159203
5166,16.18521867061544
3908,26.88282997703743
9729,67.98308854301447
11203,32.33375619321363
8317,26.028648645330065
8982,104.923079526847
7075,98.08258894166453
2338,24.11960768878034
1337,31.61313017013049
3660,55.64006074015206
8446,45.58674052389813
11301,486.36917883165285
7265,13.176856880796791
121,64.33293388729805
6842,25.550568009235988
9823,37.2531127768612
12109,21.66646132140022
7508,112.82612448493894
9087,33.10321833051041
8180,72.63606797409338
3191,42.795858793223914
10015,27.42055313519826
9467,38.56476379279148
4008,97.39851227614156
2355,70.75261959605089
2980,35.676992610876795
1447,-3.181318421700581
2292,26.25744200049374
8755,18.443519681817264
10946,38.5076980893229
6308,38.19155605668085
9231,37.070810824387756
5127,358.91329337348895
3937,47.7027924400608
12088,94.46804042141461
4014,50.43821004443596
1529,25.928789063035147
3688,51.21162695879322
5569,96.90312051070684
22,29.747440078050936
8797,14.759081071836789
11213,45.9983514295609
7284,119.3282583354898
9405,31.038174608507
8807,32.72123639839401
5384,55.90101265062732
9268,69.42221978649074
9379,120.91963054183361
7417,17.240116237826783
589,31.17368526162589
8156,62.563685004658616
10782,21.81399435721797
3841,26.84333267902698
8652,41.00278005598612
6567,111.61746012513416
2198,119.2513914121993
10634,10.453333946065527
5002,48.585428383855756
4727,30.197593165753943
6609,34.31600995276061
3540,32.261167167386844
10784,12.94620594837798
4069,47.488259864113296
11430,40.26676963674619
2035,-1.801426669641458
1511,182.9822326480177
47,4.978659293228489
6518,74.3519936842277
5008,15.691194332999629
5663,17.085561430828832
7555,3.837261733172113
10522,40.749647354846374
3906,42.02043090749538
8435,106.12286728447546
5624,105.07581539851729
525,18.250139898917126
702,83.51457990012258
2425,54.44205557802895
3933,17.01637609939158
11450,33.148637323108815
2110,39.75559239980305
3331,65.04225129661059
222,4.978659293228489
7981,22.83050243711753
11548,144.93322095544949
3707,116.92234840745974
575,80.96541708362918
6224,12.426136211457035
11145,18.970431256440506
10503,140.53270039652543
4179,29.416492652346122
9539,29.069280978635042
9303,37.5919225827054
10923,35.19302205642706
2036,24.76657615693452
9222,43.823010164499536
9419,22.801206315706352
8491,68.4366743421906
6407,39.068367823504076
11816,46.5345802681333
6790,41.007932036535934
6521,49.70323156587612
7578,20.20179332864194
5619,104.05104646995758
11436,86.30680196085169
2115,10.785323545948614
10702,95.53750341788648
3111,50.156372701349405
10796,48.189229469790284
7443,34.480637064242785
902,59.37270125927364
7873,39.82146661355793
3050,14.930605545487126
11978,44.39757142507037
4344,109.35618786708129
3313,48.49692740919554
11239,31.414183128441586
7262,0.9659975116887836
2039,10.023590766152424
4816,34.92435769734615
2149,-17.075399744133904
10610,67.91499088344781
6427,58.58955839869614
9045,51.66618495823431
6341,25.35169377484
3375,196.10275435969476
2383,53.54170947976839
3654,30.782525262457085
8347,29.71081084649932
5939,37.70252126451988
9805,99.32609508163281
63,52.714893389212996
1057,118.05470701054605
1778,49.155723497220656
6802,362.4217965623619
596,14.849390348250225
2881,30.46685905152475
7289,91.98171954307696
7850,34.68812857786892
2164,31.37254377853798
2459,22.91779505471888
483,33.42026143901557
11017,69.77550448211014
558,16.418657168661667
11025,52.42250957041312
2205,42.15651205296558
304,14.032979957658384
4360,57.3620570726681
9054,32.86919340233351
11994,38.26950365661174
3414,15.633886194836592
1004,21.317286241673294
10778,15.797742506927392
4449,101.18270443772276
12134,47.91596277801844
11337,69.3539118851686
3710,52.328377847534895
5030,16.284565159943583
5680,67.39405429474398
4261,76.07399863243563
12048,130.6794480990925
10012,51.456992924211384
906,16.121990665827553
324,21.493267504391582
2760,36.543963350044216
4943,278.2216929751236
9749,24.45081369454782
2507,24.11960768878034
9880,67.44498420979559
4286,143.70314770499678
8329,31.396718158837146
2803,13.769040573554165
6385,35.58467369543078
9789,154.90840132665397
8665,31.827434556297064
5957,80.92754654158735
1428,59.9054001666032
1095,23.491200071813978
1427,96.51250278316215
1858,62.23622510698349
10498,266.1125881095652
5005,23.760207252553123
6669,71.97788924379522
5437,443.27594730904576
5681,99.34259004835116
3306,29.40992798201011
6200,28.412495128926132
6014,264.5488872369914
8636,60.860423335948454
4160,38.783231877134384
4125,35.6971192234824
3090,22.1448319066453
2358,27.212759747159367
7986,25.145286075482957
11869,49.844940679964836
9875,58.34820841631298
2961,33.75645401782752
6554,73.50779093238879
7603,39.06377952703367
7919,68.49307454800214
7500,184.1333352615016
2253,30.632072321756922
8946,67.0843095136096
3617,35.67069997044895
9846,55.310087137345285
1688,35.48002516032024
2177,18.26788690864332
212,39.26424882185462
11535,19.82940317006222
5788,23.012434785668106
833,28.007424719604444
12221,16.927567437141946
1702,17.233428052734908
10582,133.52823641196446
10728,30.57111963118801
2072,20.75317154200998
4320,24.172943591956262
10524,37.92893443652977
1368,425.2466919460991
7969,49.16862479431022
5017,73.99951675311408
3159,48.94729585914802
5523,232.8483827541001
10296,6.870212084499457
8116,45.97492232719563
1776,71.45414935989396
266,19.979142188265413
11641,20.789628837978768
2404,8.320949016490076
9999,15.377625784743003
5620,90.1183287254508
3812,47.73629395363294
8353,21.75950392080449
6671,103.39825291866092
1274,127.86932325717964
5589,63.053734878966424
11347,31.281511735899265
835,21.837411752842172
6231,105.44932774974885
7510,69.20965553751248
197,42.89613531156981
10676,25.192398205387207
9916,50.69234882991353
1400,7.68215297883728
4340,193.90432029432947
2328,51.593130834685816
705,103.10154737972579
6212,17.263936356272893
10425,37.109872092293166
12022,127.58065142663838
11564,21.766476446236723
7583,128.23890348607645
2335,13.850772539776713
2745,20.676697379707008
4153,82.85653570210683
7975,22.535453556773362
7103,514.6895842809283
6824,33.702623549954545
6055,37.23055214312913
9186,67.52931175044743
10584,61.06583877958357
1838,-21.279575753843986
1388,57.37794258331485
10361,57.757706036485025
11142,22.804242351820548
95,7.337690937557028
9378,111.4636530255657
3163,24.996479852665836
10660,104.57619085553435
2330,53.89793931187406
1802,29.31261386124283
6012,659.5031508061182
2218,61.69826573883775
7152,50.4526480813218
9863,16.273370902944038
4295,40.529767969979844
6090,24.928116761776764
11012,79.15681801523637
2940,105.78443234248272
11424,58.01723528142736
7148,69.62142912082075
7043,44.79176063878626
503,41.33835434759058
7771,100.06962020956395
5967,74.0351613798623
8566,-16.553060062003752
1239,502.20046596070864
7698,52.67041676339682
1521,63.917557141774765
5291,28.816434275191412
10349,37.22742281048629
5039,21.39267414732305
10854,20.485527923591363
7067,50.58982594788108
2025,25.263892975208535
10905,30.047199708312377
1853,119.67564521239417
4625,24.477939555162934
5464,195.25221256736774
1989,-4.584006172601178
3783,49.87630334895561
3749,39.68934329033142
9605,27.950267381488224
4252,31.92275778536999
1917,17.808581805953395
5539,24.501792269075324
11263,12.90851584100028
3211,14.944290456763156
4575,19.188781737749636
11,52.598514305763715
4283,254.5812401970493
4315,440.5266589181018
7062,23.779309835586794
9252,37.621048242179796
456,36.570118822580085
2171,29.62390633546265
7943,227.3760884748354
12178,21.239535080465693
3936,29.323191429107794
2728,91.84123197979842
8345,36.992319303750136
11538,78.12448417474155
3747,29.386233401192435
7806,114.47071281818745
10804,21.098263654703416
8161,4.754146720719191
7324,14.045356211696927
1608,15.864740936001013
4375,13.370179604393428
3833,23.799552316968082
5465,263.79565296745056
9478,80.9392198262072
5859,35.68740746707304
8821,2.8953567935293165
4927,23.6700438737287
10690,15.04193279696105
10889,36.403674733118606
6286,71.48432150061967
5558,31.568358379032126
6658,32.42357750459652
9655,28.79689647709182
2652,28.580651814564334
1106,24.841716589014297
2560,41.139230646541165
9864,29.92666069118593
10259,20.227558570485158
8512,481.87462366607434
11388,25.57600094314597
11070,197.8449725243095
8837,104.98639032292297
10121,12.282590035066548
9364,225.6947024690057
2327,75.42348170261194
9985,100.50964111659036
4825,79.77833632096387
8087,78.4794081354458
11235,42.89551030483741
3431,31.77215455593246
5543,308.1876391960528
5542,21.237023893907846
5458,25.656577459980284
2664,95.44014988974972
10592,31.614855192954238
7534,387.1947094103052
1873,33.095563910504595
3036,39.98486566652012
5443,24.14806133877505
7763,265.9888297765285
1429,40.705178760759274
5483,87.75543888837626
4913,25.7128006363575
10084,69.03737551863259
7561,41.34145316983754
7838,17.10263845838898
2830,32.56631427210728
5714,127.01239850979587
10609,31.8692978013689
1840,642.7493661638802
4675,20.624025669983496
9458,150.09290353244205
10402,132.41531917839808
7279,47.43970074503025
8740,45.14659088175698
10231,32.25321512093969
4484,12.353969095884949
10290,49.18670963701901
6028,58.26579514151315
5698,23.973143825123913
2098,37.035661294272266
8717,54.104551059707816
9937,99.41804023688947
10505,103.73899941054609
12257,20.73932851264925
706,74.96559708604588
11191,54.68116361064399
557,20.402777774985445
3011,50.50895586492249
4665,31.36302003523008
1410,5.939389851015747
3151,21.771452875240463
6509,146.4659497197668
4385,23.014667330089935
3729,244.95636777577542
8207,249.6257000904128
11934,119.32832376978934
11615,124.35719202286403
5042,85.68692422961176
2801,28.693132471463365
7899,30.558947117217656
10822,33.46259079557338
7584,117.57711140019977
9743,39.510798239807784
7483,28.850882115709666
812,4.440345650369466
3856,96.4661184930537
9103,49.80222552165178
10530,36.032263005815
8587,21.148025024957832
7934,29.94731586386989
6854,61.21092069895563
11461,29.872608094412385
10745,177.30881368552235
218,8.185300252369004
7940,480.5783263100071
1381,44.07318092747997
10586,52.06362476163317
6948,33.03949406183644
2819,23.32142620225399
5383,79.57434484705433
4123,25.227412462384372
11582,20.663932857411417
11007,15.401092168431234
8977,200.78768077960947
2076,19.467575906189097
9474,113.98120401488325
1431,48.04238727473964
7357,28.99933266027945
639,7.303334025419133
9633,37.756950316227964
6252,361.38475760705467
2290,44.000629045033214
2129,103.68385333916201
7337,9.128659754765309
4412,35.42366845309812
6408,56.00528581179687
5583,16.176308286183243
694,893.5748490851076
306,19.671330238601755
11319,46.77685017423116
2420,95.67883636776284
9739,57.53778231823002
9456,280.24740260637896
5440,117.56747845530782
8679,3.125262649526263
7559,37.756440623494605
7605,40.09905519439943
5943,22.513217410479967
6401,31.746122060075024
7896,2.265562321297054
269,-0.672954434626817
3140,114.00466575142764
1100,83.51966561629573
7852,49.16862479431022
2128,177.35921678446138
1671,366.8443721688197
1890,10.842696185442321
10641,37.90759611690749
5312,41.38921449914966
8053,29.67888071731271
11603,197.84649165726182
1625,29.64052249928477
10506,104.23928137356799
11188,60.50295942286573
7041,26.583607985553392
6351,24.239312394255023
3405,20.712990606873703
865,42.0663897603027
1901,211.58247039317223
313,22.47830629948229
5955,257.29536526379525
9769,54.33418179173053
52,101.02647670832116
8661,91.46143656760543
1030,18.03568564581566
2678,21.863384411286887
7036,42.073171308195924
7391,33.54639507017321
6074,234.08055242632355
8919,32.84554934686457
322,13.396961593703537
8765,18.095434460579895
2353,66.95071525862234
9970,22.938393389343105
6668,146.4659497197668
4258,318.46475447535516
11559,51.590910682253764
484,50.10089512083365
10856,22.76810300070059
9509,11.238409704313455
11014,145.63337258208645
10221,43.597453650786235
4291,101.18270443772276
2310,21.727708105564233
11921,24.308047235402732
1804,22.520459249291115
11685,35.89899314652324
1684,52.230226320397044
5078,22.338125600473994
485,34.881472846779275
9221,35.97410673697384
8095,32.719208110415565
6152,37.41530438274975
11852,35.20798262692469
7146,87.33641051163372
4604,38.129207266480556
1666,18.634864320047157
7057,35.901446084707146
7374,195.5957341564199
2645,21.81147901809819
10228,29.382922006407185
11651,19.83709238496627
1810,13.138349218611467
9183,99.32754922356415
2042,20.588330547579794
4932,20.457373296231395
911,41.86121565364084
7533,29.717348257767895
7855,22.00522361536912
4924,30.975848107580916
9944,47.00676074978006
8641,43.45887352925648
5766,27.291778208877588
7835,43.70850332676582
5851,31.36240786961845
3312,86.54876163589913
11127,100.18802358978684
4753,38.46919713249011
10171,151.10405382454013
8229,69.47585574909002
3771,23.440462655401596
476,48.93672510977314
26,35.06545245181957
8067,123.9328195079583
9622,103.45227650820155
10930,28.487803560468308
6750,59.074369867520886
7888,35.96482054017727
10360,39.6928568842071
5546,148.70376712711524
7203,29.747198146212654
1913,30.329340330262525
8615,24.563404558681214
5602,29.080342963723254
4934,47.22114719115599
1932,22.610962544657397
11015,74.40766180023309
4951,96.44040046385199
307,33.41287569676094
9455,315.6057446122771
10558,238.99680111767532
4534,14.274385942360027
8668,61.32211791333994
5160,15.427851434993016
3901,29.386233401192435
11196,-2.2726663471833604
3304,31.0512936573908
3715,106.43255687821994
4914,46.407919617740816
9639,30.669930138099687
9540,56.44336389245137
9771,42.89547144268978
7190,236.14750544781901
10157,23.202613832453522
352,44.839554432660634
362,109.30114163356497
4424,147.1147120424538
9137,20.754022851546708
1362,27.34568127994457
229,39.13352780870362
6641,13.437651440610267
9330,73.94922359129808
8239,11.031386926094598
4650,23.300277109864382
5098,21.393539008499488
2992,107.70860962767236
5742,49.45174071881329
7131,198.06978220231196
807,43.60226094420146
9120,38.21967122708802
10890,33.949156461746256
9039,44.555203628918655
7344,45.9204457109186
11233,36.544918511998816
5988,444.4518983430421
11400,15.656412655220265
791,-3.0803603927637795
12232,38.03519933987335
10668,45.83091911253982
8301,39.34657826903238
12254,44.819205175333096
12231,34.90139521583012
6578,58.569876857613245
11229,27.364781031673594
9457,169.27929948864963
446,48.05516690973769
12015,37.70706313038954
10284,25.37731951797811
9026,52.49499136010179
3581,18.927199678962936
10444,71.12087331843398
2296,33.94974161285409
785,114.68676889790935
118,8.252258076812083
3044,54.90960235172082
7876,30.46193472883285
4781,76.76161661896911
8013,34.35416731247801
7107,118.84873585288848
545,24.78086165859179
6425,34.3361902448211
1103,24.967469522210422
7405,2.0674656646930742
303,29.15066764795106
8904,12.94126321615012
4752,28.673069832852832
8451,45.9049729331024
9251,31.548574020509534
11699,78.29775986294524
6657,32.26242951816048
8741,17.290955768643542
6526,29.355395964585767
4260,107.38701976655682
5051,47.45195149690437
10645,29.997588283923662
9306,30.24393249499478
10674,31.933678066462875
2994,58.313523922751685
208,60.302694352208135
1960,5.022495921631332
11095,36.32152800994256
4678,22.605391140605832
8703,-16.553060062003752
10368,40.93021928512311
9814,80.92531717497252
2891,70.13120377561702
6064,29.269670021163392
900,87.05609471636187
1159,63.6832495120554
11977,85.27859218873645
11823,18.784463423623748
781,17.338526468366297
5393,30.182656411265498
8689,58.56483858782377
7255,40.97393614376607
2571,38.7519653102362
9679,34.11001648687582
5725,37.48506230137863
2794,30.723759202945843
5811,62.312239748182066
926,29.051453881653117
5442,25.240519142114316
7264,-12.829109940077686
9601,39.48562690740803
7398,47.43970074503025
9143,30.39077826628045
2835,26.1486512525737
5135,151.66153888368348
10440,137.65359730144544
11975,208.7641712735194
4869,24.772962420860495
9525,137.2829422155313
1787,137.2692477643997
3768,55.68792651458358
245,7.158230593488568
9817,68.31820667549366
9799,33.575468552297714
7568,44.080931838930184
10187,17.366201975860207
1176,19.76205146702644
3692,21.591826847196188
1745,144.5948583844998
11082,66.90957652530658
2841,19.813513076476966
6692,111.287310274218
923,37.824965689063845
11569,22.759067706809837
10165,200.91967725488644
5320,32.773167788393785
7701,3.4022075208632288
9462,72.60993150123586
11010,258.2847866509102
1714,23.524058470550457
10521,45.87303186220133
1854,91.79174550022405
757,28.749728149036365
8565,23.131078794127788
2920,144.17468818659006
7717,99.75141513219106
7523,41.16701787153078
4945,30.889359736095734
5521,260.8910441270265
4555,11.009734197968655
7149,89.63337986468352
5829,57.912971847883455
3993,42.36461842948634
11887,30.554511552510064
8810,52.32418378726297
8823,12.798864333154754
7830,62.398621208151326
1703,27.129305228727468
10688,20.41231814828027
4715,33.88728902819156
6045,27.545825980363546
8438,56.934734793409355
7222,41.73825072594034
8348,17.538998461525495
8415,17.890565417783606
3186,23.066904190435253
9047,50.909131181804526
7509,74.36854692064954
6131,11.14781698034696
4653,33.2276811968942
140,43.617712239230585
2043,47.82368600866917
6356,50.03204632978503
10163,365.6200597241416
4991,255.6184106602817
6306,35.35031759924506
4582,194.91797686698362
6563,197.5016140360163
541,44.70937661253211
11160,15.164255872177009
9146,30.111828401138375
10830,32.209938184670875
518,34.86220237498988
7529,36.1899205108292
6255,198.11070263180505
12189,19.708859218367778
1476,14.779781898605762
1906,105.575106956739
10367,53.69991574358352
3219,149.06725510150687
10038,43.16332364649365
3298,49.01116241396164
7290,69.5163484597341
1101,38.83219143686495
11423,84.69421739790508
2643,10.120713095063223
9757,113.43332971289327
584,49.5303265829838
8648,36.10290525311984
5921,43.892896605220315
3864,15.503562647870098
7702,30.05545330066475
6566,216.8162777429152
10710,9.2123607244028
8522,152.0381977352285
5593,42.62402060408878
10313,58.0482983862132
8762,81.13167611954994
249,187.31733524100105
9329,42.132795242546514
9386,99.14052986206858
11411,59.74652036874615
9617,173.29866241052662
5327,154.75256849794445
5439,57.913786259428164
2600,30.23331523911979
10236,24.736693694181668
6179,57.86839612857718
4959,67.45034949621675
5329,83.3585928412326
9388,100.47341354739076
6916,24.519028596837217
10562,118.99512961622385
7423,376.52378677244076
8279,140.33781312581465
11799,28.596111882541244
3576,22.01086095664037
9510,35.620980492367025
4242,37.61664858187711
1005,20.440377593240683
11658,231.4627560040042
6305,57.20823994650051
11632,22.475144791435795
5900,35.26935642777221
1489,45.54041342257746
10143,51.09080240165848
8782,69.16683102574206
1491,30.63914634202277
2144,19.675046208899303
7242,42.74495975346561
11631,8.129089315459538
4639,30.12462565891662
7269,37.213306205294806
