Id,Value (M)
280,19.950052219052722
569,17.33224245392296
8731,1.729076619257726
10085,0.42573209572815446
9831,0.8643108731728611
7346,0.544877396623642
10496,0.4180117265380079
8318,1.5938173575514218
17589,0.732749079118723
3615,2.1085920564681038
1303,6.210327216916694
9425,0.5672336669336806
108,24.712700840303263
15757,0.11850564641329764
8768,-0.6624228343522169
15149,0.40906322309887344
3442,2.9714829584451032
11995,-0.2793418311485325
6585,0.6272329854247687
18,28.085378994531887
15182,-0.6917844487668607
14631,-0.6080551518728334
2324,6.961996253615057
1614,6.455724518486248
17085,1.820757800026984
8561,0.11025556441972839
8122,0.2077729501080282
412,8.64722889932593
2249,9.728902901045108
2685,4.708800207648039
16094,-0.869605272549455
14387,-0.23073845380453206
12257,-0.08763196741164458
2013,5.658946574359929
3988,3.933974197868994
5369,0.005646246575968128
13790,2.4015694156261955
482,14.716299893648484
7328,2.5209037396523715
17121,4.516305712391258
13305,-1.2898631779208085
16634,-0.5941153114778959
16766,0.9120351419243068
11989,0.2908664721271942
177,16.544328406472996
16628,0.010268823577076924
8120,2.073319210136189
4069,8.881968635284695
5618,6.204146558601291
11309,0.4189995659486858
15007,-0.5882272033154015
2019,6.540580516089134
10905,0.09959181259147576
14866,-1.115550404536807
2099,7.076963545599114
14183,-0.2074074863790587
3839,3.815805705757946
9164,-0.402749887526919
15227,-0.21727943005368333
3374,5.004701337515984
5413,3.8949737707233196
16516,-1.2661560404950505
13373,-0.6681166771361069
8823,-0.7263710672528172
11210,-0.382305091951209
11486,-0.14326836425274642
2443,3.790516229649061
7564,0.5454865852792806
4263,2.8590203341436897
3405,6.2432909489179025
14382,-2.5523465088757926
2662,1.1917436675104778
2816,5.4202555204245115
5927,1.9323960937534324
15028,-0.9626808683633046
8814,0.21626541403428995
12158,-0.21909907189361455
5833,1.1323611746747722
16331,-1.0321056225506926
5905,3.0451618222907126
6523,4.7566836867630435
1122,10.526067082822996
14250,-1.7430092260825343
14604,-1.329627466371777
8420,0.6981949368974629
16088,-0.902236525133993
5088,1.3519743274938607
3087,2.3481740350901847
16946,-0.6313317287039127
14846,-1.117373738576824
13055,-1.7567810758696447
3285,3.3937348375538146
2597,3.6746116516377336
9529,0.47842782168151504
1522,6.436409997057744
3987,2.763454677304467
6902,-0.4144278921637967
3108,5.819176321201535
7026,0.7442075098553667
6885,-0.9106913729521189
10399,-0.3122740927293033
8395,-1.288077605115502
4255,5.298671403006265
16589,-0.05992543160798869
12437,0.915051628558309
369,14.185624598125617
13474,-0.651452376556867
16333,0.55399508328858
16219,-0.9402083008420838
15651,-0.32632424596395815
7171,-0.3955735258234965
2709,6.69638288728315
12293,-0.07815296268671634
14738,0.607273259914346
14039,-0.1529718741332644
3755,2.740753457053276
6373,1.445246725521566
682,10.40392549936985
7248,1.1541321872835728
8916,0.3211729454147403
6710,1.7023676741550267
14360,-0.12602793076015084
5951,3.243650548298352
3672,6.454135775741532
11867,0.13378334141832193
13995,0.2430337078319682
6502,4.418484201237765
732,14.725760419140029
9997,-0.4076833609946955
13434,0.07388400808839302
17911,4.455408694886922
3540,5.219989807892301
8031,1.319983641209606
14851,0.8623615621589851
12276,-0.5613287248304615
16859,-0.008299534697006283
3356,9.586144613872246
10071,2.7180695502239542
7726,0.48237416363585944
128,31.543224357980808
17632,1.6473921492102623
1991,6.130444677774218
3506,5.01217040302377
2826,5.627574365155446
10611,-0.6090662616024185
2317,10.733659872209735
15582,-1.85947898372536
14400,0.43387567485874934
13695,-0.2508693484799447
17406,0.9648126185251429
9339,-0.7125481166332622
2308,6.724026785019603
16785,2.7724362121435626
12846,-0.2515738076301229
10930,0.07368541423595987
8648,0.7093551683473317
17739,1.468212621757035
1926,7.239917421055662
12966,-0.051208886542515986
8075,1.7251828406259582
15741,0.1537730050267897
15823,-1.969335028500328
9944,0.0732821107799998
8440,-0.42864383542963314
15613,-0.10231411028695492
8638,1.1059077250287306
4227,2.8371827699576158
14290,0.7462757158091429
4936,1.6106386380785445
11367,-0.12851460889899818
5748,2.90437633467539
9489,0.5447719857090099
11597,0.030165866748217085
8690,1.420681391493922
2017,6.401248511893193
13720,-0.6876900637576213
8230,3.143955542828956
14558,0.2585028207434803
17767,1.0604982334584196
2312,6.0371240654181
11285,-0.017353009834068067
667,11.551288957796533
9347,0.794425295481066
12638,0.25698511306948446
9537,0.24625067642405635
9430,0.39027586266394193
11439,-0.011504657024164422
576,18.359377813263933
1110,14.181536183714643
5741,2.5309218256897688
11870,0.08765239206646014
3219,3.6216038728493736
189,20.55018068513288
543,18.206220493976716
4129,3.7902100644688
14005,-0.14477221517689243
4651,3.9762206424650626
15380,-1.111476729726254
10400,0.5575948920367944
2605,5.753153339571895
9403,1.5725505406907512
16181,0.32155664731751554
5687,0.7724146625491073
2290,2.5493822346033492
6829,0.15968327949498395
6436,-0.18375116855175233
15170,-0.7861072418279362
17070,2.5458192980891137
12526,-0.3404113724318566
10642,0.11327626079266012
1666,7.905246079590663
2270,4.765458435770684
17842,1.74385700397799
4664,3.9477130078699103
16081,0.6625123052628958
5018,1.1438979914778904
5415,1.8487876501243177
8459,1.222077244810083
2459,6.281340699405876
16656,-0.618806660720896
782,12.577290052016524
14443,-0.12979754194552895
13069,-0.16649165038934666
16997,0.8187190870790482
3159,4.765522625977956
14031,-0.1717681999746945
7187,2.1358609922706764
15318,-1.7252098146110357
14057,0.12312200539567186
13453,-0.08197113039240445
7919,0.5597453542226625
5872,1.8068064182007135
11583,-0.6286442796442253
6783,0.15067110948869838
6034,1.2810511192474447
5503,1.034884150997675
7440,-0.06178988219712467
4985,1.8526684077458409
17636,1.7332879209891292
14213,-0.025851086736257134
11889,0.037032651754385415
12611,-0.6290348249580622
13747,-1.2774887995017599
12772,-0.5121196550303074
2212,5.321806734844845
5939,1.9159944793395771
2199,6.3656730207361125
1138,9.71953354906692
13541,0.22953794787477033
7835,0.043749438520316986
6615,3.684630653465969
10564,0.28654519585139115
15017,-0.11180922064510734
8660,1.6106412672582198
9411,0.22177226644848488
9886,0.28706629704800724
14792,-0.6809798997013143
10796,-0.14542488264960346
8362,1.4583320464563996
9191,0.2065466266709649
7031,1.8321121290311204
10019,-0.21224988894478897
4991,-0.6633493444111229
6147,-1.447910891524545
6087,-0.9475366292662677
11941,0.22436491201235892
15919,1.718863103678932
15530,0.16720294108964606
16296,-1.2963119395364453
13463,0.5595518737073014
845,10.306267059656498
17318,0.8562366509878561
9532,0.9061211838021047
1442,9.709396391611497
6462,2.0729876907474445
11749,-0.13377340293390588
1265,7.661591684880197
3702,8.547378231315358
13936,-0.5770255137357041
16182,0.7332283745037531
7790,-0.841343974111894
3499,6.467294951850482
8806,0.800271735163266
3476,5.412303185437228
10542,0.3087600648620805
321,20.081034261480056
16544,0.7004122067297762
563,14.580155338573785
10474,-0.2067136818883526
16125,-0.14583355062857972
10801,-0.5086189875209921
5090,3.5884933291614503
14050,-0.09569730928939002
13113,-1.510643668298508
15029,-0.5108423248201205
1831,6.770843500062147
6713,0.5893334336497109
11683,-0.16651082058648015
243,17.008907090564918
92,27.95543539798676
1326,4.307718518391249
7539,0.5967950218349091
6245,0.9843122252673993
6805,1.794090284003421
8024,1.2043211412822243
4176,3.5621760600126833
12556,0.2097760299969384
6628,0.7532838172988271
17109,1.540164823597661
7145,0.09223368392609577
8431,1.3406729945141387
4992,1.9980728198246935
15353,-0.026925065369870715
1758,12.5400361039523
2870,5.158321914030024
7530,-0.9044115594537403
13372,0.883124364769934
11955,-0.3641593970886876
17456,0.44798538123629905
9727,0.3421841448322036
5717,-0.060506311492652065
10952,-0.3404108972161106
334,17.12125749079942
11544,0.11088270362432723
8083,-0.3332258190388607
10377,-0.6852927029422089
13448,0.05390828254320057
10476,-0.004915147586925572
511,13.13613260279489
2288,7.470315473855939
9288,0.48151925823461184
4715,2.9516607714687058
5103,0.6745226342413219
8111,-0.12703019148706562
1556,10.199341664308134
9644,0.5027731511504837
12850,0.06355567979802501
13147,0.6170746377204877
9440,0.23319004194322487
14492,0.515687473458734
7535,-1.936159528581022
137,28.047584508570882
5661,1.3172581195844102
2070,5.405214946333038
12348,-0.029754070751683792
6835,2.190464867107769
14987,-0.15612048824353342
14092,-1.602297641716064
7284,0.23640093903675657
13970,-1.9039302505784628
2178,6.31607837154348
568,17.54116360802498
10149,-0.0720270587189964
1045,7.3246270959683475
42,31.81907549791792
2973,-2.0257702085598357
11837,0.4134309273674933
8625,0.3733939936163577
16130,0.3867797364093408
12889,0.17289511945472702
2314,6.831629077345081
4149,0.8815566901180838
10342,-0.11570767232837526
12541,-0.10933912354850606
1183,12.695195984964137
9319,-0.06075395625279362
10697,-0.30751723266334685
9234,-0.12637426116927902
2722,6.258664817858309
16346,-0.8953656647703301
9499,0.9296593501159038
6826,1.4218193220322588
15431,-0.2159318280866569
17184,1.221159000558545
801,5.722026537379945
2468,8.896351608217303
9698,-0.3227336364822331
13652,-0.9312460394926716
4750,1.6860523604068984
10046,0.9728715510481967
10206,0.8942306655041452
13242,0.5249497340932984
16425,-0.7618393555331677
6196,2.523386016997499
6404,2.342446452020137
10464,-0.3032540685347337
3133,2.2080837162158797
8846,0.3625523043047952
15800,-1.0049866586231992
4668,3.323794723480841
689,6.8524722753912926
5165,1.9736448070411323
14209,-0.009600638374759551
7629,1.7613988087281403
9780,-0.9199640321666314
1457,10.372862041355859
12444,-0.9130393091354936
2800,3.64984128222138
6223,0.13851849089070023
597,14.865751244100997
11041,-0.7435556800633191
11705,0.032256245249220716
16157,0.09966744009788475
4097,1.9660338700152376
3291,3.817356423573996
9069,0.48151925823461184
448,20.536817056462084
8965,0.23800133748064595
13139,0.03502238449250106
13598,-0.42646581523408267
14236,-0.6456565793543583
15158,0.5315669480899947
15389,-1.047174176482156
4676,3.4527918176451022
36,36.11857207332717
254,19.10316474936166
17354,-1.8775440143343531
17753,3.6372920158539865
13761,-1.3548524156635358
14780,-0.2687561277952749
9102,0.4883991380191727
14647,-0.6199927596010075
491,14.19837913499707
6977,2.749892958652158
12131,0.34016931620457336
15481,-0.06888636757915112
11379,-0.4006825350609823
11533,-1.624569433866084
12657,-0.38746511926434235
15162,-0.31540153389015146
10191,-0.7808295220442963
6141,1.1777452107913375
15307,-0.40102386773659604
12456,-0.40165588252660567
6764,-2.175148621194088
14279,0.3457266603940039
3994,3.2083801170204276
9132,-0.6099470292840292
10561,0.42573209572815446
15648,-0.39737348255951743
8641,-2.7728329699878413
8324,-0.7391192569570044
3036,3.1882449763832366
15859,-0.32544113529252505
13143,-0.11638116054013947
13582,-0.39672320449052134
2444,4.796591088291915
5884,-0.5067908296817469
9413,0.8874215192696358
16527,-0.018759802299755934
11203,-0.1473475306496349
7965,1.962328024543601
8737,3.1336503954889907
12512,-0.20736260053428962
14999,0.16931687234109427
10139,-0.354129465789769
6518,2.7208161849840615
13809,-0.5186871737428433
17322,0.62133435477345
6342,2.0705920151420507
13233,0.06496154561127598
5723,1.3193117250995408
298,15.276838832604536
13600,-1.0439158990401491
11536,-0.2810385275466415
9076,-0.3659844739907806
2164,4.160018292558135
9576,-0.37020622692057037
13839,0.16784362765833993
778,13.66419934115749
10140,-0.5853047484754426
1195,12.1391980640517
11000,0.19029649064919096
1337,7.206493358945787
14776,-0.6473859805398756
16719,1.9208222001079531
3749,4.394129987495651
15083,-0.3642019704204711
11490,-0.13042544220583724
5192,1.1419880353914178
535,19.75322689329856
9469,-0.028093834043968285
16860,-0.8809838969860149
2129,5.033301283876769
5182,2.482401759614292
16083,-0.9834549982702823
2339,5.79521808459368
10586,-0.8557042780811184
12641,-1.0822915067496686
2806,5.3706001289770064
15246,-0.23303493312288692
5701,2.8542464961770144
16757,1.339697670408731
9849,0.310499601616368
9610,0.1671527084149988
15011,-1.0536691153025133
4445,2.456179713926773
3773,3.183372454117289
503,12.377811411541286
14707,0.14565229500957844
288,18.146894346099977
4773,1.4438028769944284
16559,0.1281175757845449
3357,3.4025244054241
400,16.99766243084934
15250,-0.2559669297280325
1565,5.717896300999183
16165,1.1490844309532868
14799,-0.06868018590998748
16810,-0.6039354319341208
15222,0.35001533109869554
12061,-0.46173518163815475
4984,2.3068404478947815
6386,0.22961070496485325
17924,1.4940113093158036
3501,2.532953065294835
9605,-1.3080581260732842
9150,-0.18828872298847432
2190,6.030753334399611
14853,-1.3154581998832688
8452,-0.9875477182174777
5436,2.4106835322132882
8607,0.9691509352294003
9876,-1.4803099206774655
8853,0.8377949238418189
9748,-0.40941288948476195
6629,1.8808153122026372
3937,2.282626336836436
12226,-0.2252650305762408
630,13.730566138018213
6016,1.2692123958704378
3121,2.589056879378504
11651,0.0941618628821862
10975,-0.34104151267836036
10234,0.19659747948208106
9408,0.03845513475031165
1446,7.713416173783678
16252,0.15700565313744702
6073,0.6851573435248859
17047,3.2223870051094665
8171,-0.2823272365249867
16281,0.6127160966494767
8749,0.5122200450066046
15658,-2.1792257820459358
760,19.504340542247636
8457,0.6597412711064002
1141,15.190631004566237
12853,0.13667170403552242
7721,0.5665233256767074
9331,-0.24440222187789284
10486,-0.6106854252742991
6174,0.9350839676177269
5445,1.6435357818783456
11143,-0.1381467865369741
15964,-1.771927424885907
7080,0.7723689832116942
13824,-0.6105614546693814
833,13.880636122393382
6770,-0.7480368669258597
545,13.802640396745728
17714,4.290260336520628
9781,-0.026206101826193567
9520,0.14738164524416367
12658,-2.1126403217543706
12648,-0.16801818575152416
9095,0.4950415599383642
15319,0.04888405362573778
183,21.684056477276144
15372,0.2610036152099582
5069,2.5334334019257603
10659,-0.21171712924950936
10623,0.8160785169920592
13915,0.1264660765645671
6869,1.564718705431542
14198,-0.018282022332788417
3608,2.3575741075765206
11830,-0.6227876472768035
16155,2.23392754286529
4838,5.478652336576813
7380,-0.10324717295397079
6243,1.5710894159362476
4317,2.14507697033799
17558,-0.2829720198590535
7439,0.5037957250375511
10217,0.3569404912334052
12670,0.8286332915701218
14977,-0.6497209617577407
9770,0.4576515004388855
16128,-0.06926474439991015
8479,0.7743267717083894
8454,0.4943594630095527
6880,1.8533352089003694
610,15.961616614782681
17432,1.8257190124251346
13027,0.17953704273236304
14739,-0.05603515557339289
1051,10.915539245925153
4828,3.1130971337856654
5135,2.3787719992170415
8273,-0.04497776128107131
11900,0.11125630000945497
4953,1.2012149451290792
3594,2.918315587824214
6158,1.846799701255216
16220,-0.827852114320415
10628,-1.7657019906777012
144,22.504113871960023
8698,-0.6860234151935571
15579,-2.6420717571293517
7759,0.48389516232052543
2981,5.1964089020630535
11634,0.5199442273087667
17738,4.164409335171147
15285,-0.007161947617613684
14670,0.7323778250926858
6819,-0.5578660153561105
2857,5.1964089020630535
16698,1.4813528380939398
11606,-0.5959853623321991
7778,0.5739205212827447
6643,1.5055286092564635
5442,5.090303410284836
15997,1.8706325276949678
1856,7.060529511027429
5558,-0.827600557524212
9540,0.6161363061224685
12978,-0.0868320905495854
17067,1.9867936641823647
12741,-0.3531821933399616
3447,1.6522330888132761
11222,-0.002543178777787758
14589,-0.5758415684411013
10608,0.3496753654304813
17277,1.4874765874279685
11448,-0.1272107470976781
2998,4.212342601866215
5883,1.9104952010166425
1929,4.977407679821219
16063,-0.3718736176302446
15412,-0.02901443336767351
13782,-0.07816755443359713
6200,3.4375248759430304
13490,-1.244235646926973
16892,3.121280259320519
16644,-0.6174477110775825
17968,2.930117234230685
14418,-0.6635929593505716
16619,1.0071263604838219
16738,-0.16542048331858938
17188,0.8846784772294229
13770,-0.6760411407695706
11162,2.073311301354612
13815,-0.20839528088160408
5754,1.5577372631886026
11954,0.2718519130614183
5936,0.9580202762657777
1047,7.169509192746704
4467,1.9529674206625138
1618,9.1096518541569
17472,-1.2145067402622671
1309,12.498417866859493
11357,-0.19082438367223947
1964,6.127897273888065
12886,-1.5166580133226564
9173,0.2122663740446967
605,15.461546029285104
5669,2.3214263227018184
10024,-0.11211908019143874
6842,0.16817954954715486
17129,0.11036227888827899
2946,4.662168166354455
7751,-0.1909002910037202
15407,0.5866917320752425
9929,0.20231180085869632
2978,2.302627766641042
9061,-0.25271644020718037
2583,5.380237925034603
7166,2.0654905937976773
7370,0.6390168577480153
13626,0.8762601918889797
1087,8.435271577946134
446,13.71301123968796
11994,0.36112337724672194
9409,0.7529205017732564
11507,0.26444122567305106
12125,0.051105989745253266
4059,0.9869433103978338
10322,0.7088722879622062
8041,0.8998205159221069
14685,-0.3234033674541801
17592,1.8399629522560947
6866,0.34694266539499174
1466,7.9104646257739795
1913,11.431811278431057
9189,0.3999251484958643
12281,-0.4675779804536081
16376,-0.1023074399126247
4685,3.203619536565762
4054,2.885240042149526
5501,1.37115140599144
10265,0.15029330854020512
6863,0.720777304698293
8755,0.48765023772523863
9592,0.03768118952362526
9837,0.39813759351386707
12017,0.023943786002634304
17316,2.558564699178841
756,15.60479186891555
4918,4.679750892888954
3611,2.226686535208016
3841,1.9771354257895268
12662,-0.6326503014084508
10214,1.4443940826380346
4383,0.6444457032324162
3864,5.720576716066786
7458,0.9116562221115093
2268,6.896078486340329
9641,-0.7028954617880736
9291,-0.003603931943785804
5267,1.2090218792425387
1295,8.138726048626193
2772,4.6494959043802595
10302,0.844736164183459
12811,0.7245162801229265
12993,-0.46805345074452687
11035,-2.0068384557490924
5099,3.04986717518694
2747,3.325860872514301
541,19.815130019553955
785,14.685799592436238
3198,3.9717776590996503
3583,3.77472991193133
961,9.094112033090783
17819,2.6478390457225713
3245,3.376940622146448
5446,3.2567299598693302
553,20.29331895007057
3772,3.2548437408583646
14959,-2.0197759236777353
10712,-0.2341635775678212
10908,-0.3386889781109885
5497,1.2933871548009144
5995,2.147418830045755
525,18.169825691423547
3383,3.7314018522695704
7164,2.9639160871778083
3818,4.018044680327307
8522,3.4581662103339617
17444,0.3166466587135037
3296,6.852236779146324
15521,-0.384718185005511
1501,4.058687258960327
11771,-0.8611759956851575
13426,-1.2535936239444558
2669,8.145770041770549
1278,8.197900557874567
12489,-0.5169868564760911
6409,0.7898685737529422
13148,-0.4313635115325054
6642,2.7744776048195683
10993,0.3343913079188221
12463,-0.05822599167469211
14067,-0.6222663377825187
14766,-0.3274545455593594
5780,1.8407280855340078
11985,-0.7662449897252098
16758,-0.33568047539799006
11293,1.0919776207639569
15283,-0.7598272222973341
13141,-0.43607231094831445
1333,8.415499736723229
7728,1.28620459988426
2293,4.799733413590307
9094,-0.9981150076324168
16933,-0.21335799672199207
10690,-0.19398807990076777
5579,0.8285359479608754
10079,0.19709205091983661
11844,-0.013969261003159233
11538,-0.7404595226717513
12900,-0.6645340127716045
5036,2.849668746289157
11992,0.28916978916150377
15627,-0.30733849025245163
8704,1.2372678111264583
3551,2.649889079924965
10485,0.3506386464097739
12325,-0.23770182306718035
17755,1.1760873622491492
4919,0.0697511487453959
13742,0.15448472630468624
7889,-1.3828189816744625
5954,1.4363447030899392
7745,-1.3963267140371336
3456,5.245396929018863
15577,-2.180580671935313
6463,1.8839257267473066
3975,3.136148564335399
4146,2.693238387364025
843,16.844720579763628
15231,-0.04930000428023251
11475,0.15765483720651763
16429,-0.172768539084187
13703,-0.8222716420755707
1884,8.503744481618364
7118,0.30536644820677594
12071,0.08114677466445114
11773,0.15657956816218732
1007,11.977757013374484
13344,-1.181566053811481
7387,0.664471128492758
13913,0.1264660765645671
4820,2.332997611270494
2107,4.603622216563313
8570,0.5605790342452179
16464,0.14584059078424705
7588,1.382080288412949
11048,-0.1709734796307325
542,16.425550704322468
7368,0.4800073466036539
2799,4.897788267793388
12864,0.06020286007978637
8962,0.6802589571000963
9229,0.09015415364484233
14007,1.2307384688481817
16073,1.7376325151038774
2808,3.5425987531349974
7946,1.6630653876661405
6503,0.3613456355422586
9804,0.7712336134030707
2063,3.752549059081919
12602,0.5603053969863195
3035,4.867325610878385
3907,3.650788212985407
6215,0.5221197306082601
3106,6.504934789417389
10835,0.2667814621412585
5555,3.9190865283098626
9279,0.5437636162804493
2889,4.277432685555798
3985,5.053190228091832
17030,1.1985715177315668
8299,0.23459220023591842
14852,-0.17024696623246915
10539,0.33101236059842787
2047,4.478146319710362
4727,3.3527413391701755
3552,4.296417183100893
16604,-0.3536477992083762
14353,-0.27814436933060105
3767,6.028559347318332
17502,1.2462371268573982
13752,0.315066258473106
5918,1.557889546267022
1635,9.952385975225457
6125,1.899295712508331
15334,-0.06700777366072397
1486,8.211457584720929
1762,11.205343370306824
8837,-0.7834079336054643
5668,1.0481607093415701
8207,0.48765023772523863
12941,0.02022270179178931
6384,1.7950334668160473
1576,4.6116222417771
4895,0.9573498098236781
2091,5.083899145385214
6517,2.341264404690314
16043,0.06506114677309327
10902,0.06365819292476305
11934,0.2914408458514264
15740,2.0127282964194633
16210,0.4354366245133449
9085,0.8860448733944979
8972,0.4637390253950123
1659,9.77554929096769
12026,0.3522053089565176
786,13.37018789477738
14352,-0.06517025249622765
11084,-2.7940202316589997
7441,0.8874772870975554
1311,11.05936832213178
9836,1.167121279458142
8551,1.2064932699319293
9752,0.7108387333740183
8255,1.5882860211008787
17116,0.9401359478293474
17320,-0.08574401155815492
5084,2.853350580268851
14662,0.14883693017856392
15270,-0.05226784982395705
15628,-0.396225185402714
10091,-0.5630887837994784
12199,-0.4501298562046169
13132,0.8468587302043451
12259,-0.4995028346422523
3428,3.118061111389368
16065,-0.27419171706196876
14906,-0.8171047108819391
12397,0.8081019506497406
10482,0.04919928644586785
14971,-2.005644089758682
16598,-2.233017555675857
7250,0.9814450847249981
13282,-0.10540605466605268
11329,0.4209217471929866
6824,0.034878484213211935
4542,0.6662544814690172
4852,3.5518940923552
13829,0.5202181441525768
12702,0.040804679113350506
12192,-0.14954401192509642
262,18.434036235126094
7723,-0.7890326732503621
9247,0.15748404503127567
11839,-0.31237389094334533
7783,-0.6752844405954007
6564,0.8937714172268908
5451,1.841292354529793
3951,5.196515711708701
2664,3.2062778192281423
13376,-0.448652775918883
11472,0.2111913933772498
7182,0.13169805101964116
10493,-1.0547854656332896
800,10.56770301168724
16603,0.1384354509347931
10868,-0.14814171544781596
10833,0.588739204595799
14188,-1.1757752803637243
1422,11.773705880389398
16382,-0.1577984851420413
10797,-0.02270181479779315
13260,-0.5936758079864501
7923,-0.5719297558454544
3010,5.3498541980517516
3879,3.6620998477665947
4469,5.220688846532472
9141,-0.16029857731934716
41,32.56902198004602
7438,0.11644372533065073
11515,-1.5167455979317208
4147,4.697841186328072
12329,-0.029754070751683792
16993,-1.1253945242021381
595,14.42019959932259
6631,1.0582839129832662
16607,0.9868236176805509
13439,-0.32391179191590025
10840,0.2814981193507455
4591,2.886420631007668
10782,0.5686095239351304
17644,1.090886768494516
15129,0.20566437720611208
3211,4.004048759351136
4096,4.519237937723005
6080,1.838955724893949
2546,6.855283842945907
17832,1.2801994719538463
414,16.931692895000843
10338,1.910097849690573
3284,3.708584515960253
9984,0.2406810308043813
12484,-0.27999306403035784
8786,0.7348091252671958
9931,-0.0938757065876491
1411,5.88627207177163
9204,-0.039356072183745705
11913,-0.6110642683182584
12022,0.08335121973955029
6062,1.6345677607398479
16282,-1.597080181283466
11387,-0.5197638596620623
6351,0.6762383843675199
10147,-0.9063163211148255
12724,-0.32686707713097796
1629,6.64253911257431
2335,4.058426409896409
6490,1.0748028657136721
2724,6.932277163079691
797,9.7353019701363
4646,3.1661256889395424
17020,0.2604525259526007
9112,0.39252540865302027
68,23.69823036330574
87,25.662106894675144
15446,-0.23334170930772524
2548,6.041381748087026
15505,-0.2665713614203274
16214,0.5230110861396327
12904,-1.2523946260456742
16439,0.12627502378022215
441,15.514404588141419
5188,1.3441874542601102
3604,3.195113564520378
4138,2.503731820579971
15352,-0.42407478189265624
5310,1.7430138382947895
4570,4.843339243428606
14491,-0.15731814852431425
16451,-0.1577984851420413
2761,4.804402873418173
7856,0.8099341229138536
17959,3.1648222853251555
8121,0.312974588531744
11568,-0.17461836051949187
17414,0.4200316085537401
17094,1.820757800026984
17267,1.2796814748354672
5640,-0.2459044532530057
15086,-0.05226784982395705
17181,2.158995002772679
3844,3.4046221536545986
9267,0.2300627056311048
7194,-0.15511967795937281
3887,3.113551200258551
3103,4.563796503576176
13873,-0.4044867642899751
16708,1.1789167996907168
6641,2.5913351800038527
7509,3.0825670294109
10078,-0.3074000076692517
6279,1.972304231016246
4397,3.153680112980425
12979,-0.038470326346338846
8940,-0.9613041834450358
6492,0.18939595509564433
6575,2.280556273617575
1530,8.458213589272907
2189,5.523231141228351
3533,3.0417001748121275
2151,8.272661095208226
2595,7.6357293649892615
5524,1.7239351547497943
13816,-1.9553710755060476
1139,7.436061416151457
15899,-1.2452825728216348
14458,-0.5882272033154015
11611,-0.3752205141892142
11369,1.06750646288047
16045,-1.5951701888055139
10891,0.9478195413244649
4008,3.9532548554810614
5483,1.3904716238653938
3871,4.338908664428899
7500,1.5989277901330574
1858,10.221811188790964
7239,2.7992403536736106
14642,-0.09698258777123314
5656,3.2734035279395406
11860,-0.35719146918389977
4777,1.0414498749264876
4450,1.6746759910068802
17395,0.346109658276035
16158,-1.1058110947317834
7818,1.0098970843382917
6449,2.2156062308323716
16889,-0.4931465968927875
9852,-0.9075424553345477
1427,6.631738573647455
13745,-0.15751240501292574
13771,0.03576693725510127
6280,3.539540832158016
12250,0.26950024148020824
11110,0.563193723860417
13138,0.22508384231506962
1624,7.4502972825978855
12065,-1.1933464245028151
1626,4.482139590708501
490,13.234677490635839
3942,4.767043812116565
2714,7.37595766766403
7806,0.4457807547805177
10304,-0.5330575808446185
4721,7.3703562623985714
2545,4.5693461248955725
8225,-0.1089119812299813
11752,0.41004240334438696
9508,0.47311677964804866
7739,1.8850952813200852
7189,0.9709212409615249
6768,2.0936949383529724
13927,0.8446949347324124
6390,1.037047123695994
11599,-1.0829693471573059
8276,-0.841343974111894
17597,0.43178723159561894
13540,-0.029906264759281043
6088,0.15204065588100524
12310,-0.37861949061526545
8852,-0.054934379584345217
135,25.825490513158798
16518,-0.11302414930848448
2295,5.214593067163289
17501,-0.5237883187575216
1617,6.153131567592284
11805,0.8162014283750001
13253,-1.7349189576562518
4350,5.182032773142327
2735,5.029696427434866
671,15.154200826240922
7566,-0.6677305270542859
9181,0.1839830480475203
15810,-2.740050468368095
14741,-0.6768478886066007
10721,-0.06289264538543049
8800,1.1368599025166135
16470,-1.619523341076668
17098,0.7496324776515246
4316,3.7358122389294377
12490,0.09831276710024672
17398,1.1403250966830374
17243,1.054763246783093
6660,1.0723537076596088
8933,-0.9012123466514168
4249,0.6989821588609271
10013,0.0774510566171131
7709,3.002922119958392
11519,0.29732355770071556
6171,0.7468889631042013
11360,0.3064962320556395
5851,3.185452047998829
4628,1.4010550517002838
5123,2.4346751815401473
12142,-1.1503117939904848
7789,-2.9126097280195666
231,30.012980801559422
6282,4.739020847789837
2590,5.513227957360309
17708,0.9909411858736905
584,13.717323480372665
6718,1.3540591338149437
14216,-0.6563917070077186
7688,0.4810799323725473
9175,-0.09325254021124657
12469,-1.482217571975092
8764,0.7387336553063681
7324,2.4763445256459664
4261,2.8476866072135776
16019,0.39468528752224374
10462,-0.6015524712495346
2442,8.39453357709149
4476,2.163075939104824
4251,3.131963051384221
4857,2.1295059069833435
15166,0.7105697396385597
7136,0.49606048879362563
5708,6.359007939540787
12144,0.14689572545983876
17809,1.7072936673633756
6422,-0.44791498641010374
252,10.99604154086916
9994,0.1376654369302241
14800,-0.2528215132097462
5540,4.5296054378166115
13840,-0.4936607474438569
13973,-0.8381534785240543
13525,0.29096775190011614
16625,1.783368354945599
16896,0.34477186878557764
16037,0.038877587350056864
14580,-0.20439901146049833
4421,-2.1560756048674286
11140,0.053037484219544184
5858,4.270797673990099
9509,0.2572149985590546
1555,12.192426337611883
10824,0.4249206740664466
8982,0.8255459376389398
2272,3.754978459930949
1189,9.76882125518985
95,23.6054445736045
16611,-0.9107883180480103
15846,0.15675008703798143
7848,1.3033127653052874
12263,0.22987452330211183
13799,-0.42629444689272966
12628,-0.29566972752906706
1698,10.771613320599107
14538,0.0543887390221276
15206,0.11676112743194755
16435,0.1890217039222899
3369,2.8628030006219682
14346,-0.6081343563547876
1882,5.675341234490039
17509,1.273938172980801
7154,2.400354228130198
15883,-0.33877427536088467
17033,0.0676864177042229
11181,0.02772945374623259
8286,-0.921271855172908
12704,-0.09535143824104741
7029,1.3246829458584672
11465,-0.8954640619779659
1321,5.592268350630681
5334,2.8556859137898756
818,16.247946626046016
6421,0.8244527232139562
16452,3.5136743988513657
11991,0.004288969864080117
88,22.43951836269079
5969,1.6027192827281738
7453,0.8955760338875581
12378,1.3545339550870685
15118,0.5663644725960274
3514,2.7622916420361654
12500,1.0981382259200856
1478,7.237729391604043
17931,3.8637497605477065
15146,-1.1734804010533602
8398,0.03528862083345072
999,9.58326721062752
17287,1.2480218469538378
5528,2.0670641260456932
16945,-1.9871180178460288
12718,-0.23171749381829154
16982,0.32481553658476586
4392,1.8671926760412498
11330,-0.24315483207017308
12308,-0.24467753910191603
5120,5.615713394537423
15248,0.0977800353184839
2774,4.089248847679791
3413,4.672497176237563
11270,-0.38478116337488477
2852,5.408071387703279
2149,3.9835172046286482
12577,-0.021851578456441922
15452,0.6616861734013458
7938,0.3325662153707218
5943,0.5896376299061936
15026,-2.2868027539605214
3803,4.7475356303415275
11287,0.6122654895253603
6484,1.8743207801107273
16665,1.8762264292824398
3395,4.20789229894087
1034,9.654660244933295
16670,-2.025618425103459
7012,2.4803798261691496
10185,0.596797369556147
6326,0.38514563584172734
221,21.058215529812802
210,29.677211215212267
1066,10.5568006144584
7685,0.2458988316748254
6900,0.589625941188292
712,12.982652073670303
15411,0.47038546489155264
11263,-0.4968961809759269
1661,8.007009377564946
16818,-0.8109513301365312
3888,3.608864674644824
2610,7.420517531817232
10585,-0.3613715331026004
6155,1.3782368108257392
1496,9.41872344607875
4695,1.9142275735641898
12379,-1.9680394013547287
8384,-0.8954405096046201
16915,-0.07988014909876534
11786,-0.3639642222614159
4892,0.182981662528232
5624,1.806499319082608
2420,9.058297023644439
17271,0.5422311142201903
2932,3.9298301903558275
14985,0.5317579273260833
11096,0.5994166141275468
8706,0.649548361710271
6470,3.3290548696211597
8680,1.5111705637300625
11265,0.138690516673536
8406,1.4362231226468856
5299,1.0906476662221412
15237,8.872422956607789
2037,6.162424152634776
17051,-0.1827109573456932
14668,-1.1897629009860897
15915,0.13950218944866588
17452,2.3852358858783567
4034,2.539393501825278
12509,-0.6880024121841959
12829,-0.6052494209285197
11282,-0.10581190805091978
7735,1.9721898386617691
1395,11.158949419581406
9778,0.3571716580337425
17887,3.5569086688081155
13080,-1.5994854961331457
14720,-0.023862353007437442
15960,-2.1330792616289527
5144,5.152041587292498
8003,1.2860522018994027
52,33.2360135866006
9933,0.42573209572815446
14633,-0.3224846401616779
13610,-0.5985119943988224
1074,12.167564639228514
12863,0.07538391725546667
9679,0.3439570611141767
7340,1.106846292909512
1038,12.350431184494267
17044,1.221159000558545
3757,2.565549390533952
12212,-0.07749723561773836
11425,0.6109978681712652
11857,0.07098835159854083
13509,-0.32491548680555093
11610,-1.966676720324466
11131,0.2079765587661703
1727,8.480074979355445
5077,2.605549303002234
6624,1.1863520436083062
4233,2.9183130475819747
9306,0.2583401922082094
9791,-0.055420262004198695
329,17.62254146741121
14807,-0.16594589024622441
8433,0.4519828693521851
2513,5.004610518872585
1053,14.320594646697652
13491,-0.2693415530635366
7647,-0.0855448310690421
7,47.43560692431485
13297,-0.15055943050185627
8693,0.3832949036559542
10663,-0.20484380321402212
2858,10.617895154313164
3377,3.416470330021808
16113,-1.6488755188349398
14914,0.11083470738678902
12430,-0.8346330149273709
12006,0.519222086561963
10654,0.7138574352779115
5926,1.5922525711223992
15134,-0.6504749143529344
12831,-0.8932444550281302
10541,0.05670887748021797
12340,-0.2440915881928798
11172,0.06155891204972666
1749,7.851268312410658
15402,-0.05192864154677934
7435,0.5801324549538062
8025,-0.8814301057280367
4680,2.556287950162506
1223,12.314337493407438
245,20.78104751411727
4300,1.9880321014942477
6972,1.0368984966671544
10043,-0.213895706291992
3529,3.0031649292552225
8875,0.9089099665338526
14954,0.6055861498058421
8891,-0.24910989348314272
1106,11.144638209652333
17733,1.6803928019669239
12587,0.5254225810011106
16693,0.7223699580702778
3858,4.163238889897234
17508,1.0366548762202492
11073,-1.357404769603862
2142,4.453316312371706
7533,0.5562454224079358
12104,0.12792816080163405
2490,4.503636929833421
6639,3.1379372693941536
9235,1.234992424375342
13342,-0.869358521037938
9757,-0.8758006895613399
7494,1.832417515617552
6445,1.9229688078651908
14223,0.1536237092666053
12178,-0.573795071703074
4850,1.9301229918076284
14364,-1.2065074667643325
4184,1.5258043456646995
17978,4.320929792842103
8637,0.0026638189444441185
14278,-0.1627982480536383
11563,0.1296774529580369
16289,0.5865276738444563
14646,-0.4161733101531644
11578,-0.19958028499599512
4101,4.780709864701638
12530,0.44774385625097946
15819,-0.7159440884662687
6057,2.0482636802184535
17028,4.29767048819178
4051,2.965449601783315
13494,0.047659114314198
5632,0.8352999036523714
17235,0.8396135436526795
14049,-0.9022880785707423
4356,-0.3544146907284369
5086,1.0906476662221412
12352,-0.10933912354850606
10672,0.21241879484004367
7186,-0.757349611719205
12647,-0.9906560342559521
6597,2.4922682127233653
11362,2.7815910860510704
16277,-0.14583355062857972
13348,-1.4483558151941052
16927,-0.21335799672199207
3091,4.216267622182679
13955,-1.5786694989798145
10716,0.2406810308043813
2447,4.697234661144581
6468,1.9795737772954367
4589,1.4260348365537097
5104,3.8122471133154616
5652,2.999906915051472
1088,8.425876429527907
4877,0.6151525915603218
12304,-0.3341930940955644
14367,-0.8724466803068684
290,16.514244495709
16413,-0.9938709710198088
11865,0.31974554417262935
8311,0.6571540172012311
5074,5.089936782941454
13650,-0.7742665803394748
12024,-0.8176643961689294
9526,0.19977671721968282
15210,-0.7189254633271291
11788,0.4029897734154056
14422,-0.7565521904010759
14357,-0.541728890714279
2449,5.711093838175707
13223,0.437386145244524
8874,0.3273575517428043
8623,1.0478074094624923
7774,0.20934391083345727
9743,0.31946488671269857
12854,0.25086345329674287
13602,0.8096964517153389
17219,-0.6847124317597342
6278,4.998261622479939
2292,4.969766907765084
16599,-2.0648957358493294
1212,10.684784869174264
2887,3.608292380974832
9014,0.13664059096439085
9017,0.6287152651452813
7219,3.4507764802216916
13766,-0.09586792831168811
9249,0.6397441714221322
614,16.39811840106797
4426,3.4252142287298004
916,13.863403601889752
4362,-2.7026835719471434
1498,7.468530541226233
9027,0.042944911138665276
12462,-0.5203857920584953
17952,2.0255935828895297
10961,-0.1577948882738307
623,11.905939792064398
378,19.333380653155025
4563,2.023689898784717
6955,1.4197534754887784
4425,3.8233179923559146
3342,2.2243486707806146
16295,-0.38926985848527695
9773,2.2466216724995656
2871,8.230644043968864
5721,0.914361640690539
6069,3.402018548003172
15985,-2.1792257820459358
6802,-1.1813012237052605
14424,-0.6497606138701457
14087,-1.0993243249886067
2211,4.631762167432857
17641,3.6673782211578674
3024,7.355271136430936
17510,0.6342355309245082
1310,10.648626690906914
11010,-0.6180366627982821
1009,12.501666253224604
8736,2.8686866541887555
3653,3.1015342919722793
6400,1.546055440590424
17701,3.2012153867316617
8380,-0.05881942745594809
17511,2.6529310709402467
5841,0.9801109952791747
7384,1.7700077111738757
970,10.633647279584647
12513,-1.1462264652257876
13095,-0.8755352012442255
4313,3.5724504316862387
4050,2.4246912013794404
17827,1.7669042553652692
8985,0.5306237550470263
16044,1.0941565627853311
5749,0.7264031391683892
5550,2.319132744210024
7945,0.6448079112639166
16726,-0.2816608480708267
14639,-0.6322319161030601
12994,-0.20826324366282356
12461,-0.27952180790570225
15714,-0.32945045845285525
15806,-0.083177120061386
6033,2.1132814540616565
14655,-1.1145946030685117
10790,-0.12568877488974028
10376,-0.6248245961205057
2122,6.969978873407975
6590,-0.23954276497989302
10036,-0.9437651658621391
9296,2.105073352716368
8666,0.6355234309134431
10157,-1.248237353829784
16394,2.761595240515186
8930,0.9469566193831539
4170,4.272148538730493
13876,0.4002859128420899
2344,5.260697560645511
3910,2.3540025210937734
17487,0.9146669995536088
9280,-0.1044565291489099
8189,0.42957953539522614
2327,5.806327752566137
17222,2.601519291731026
7505,2.265179937932831
15289,-2.225726762586889
4799,2.8524414951737285
16226,1.6368288777844704
1458,7.2561164998734675
12910,-1.5645304972659435
9071,0.39906744731360116
16989,1.3951474410057108
11337,-0.225534357128229
7400,0.8743026764242059
14075,0.13670225226581278
9138,-0.1760412513341001
10003,1.8471049350367241
16563,-0.3904311712803823
17179,-0.20172044655488974
1940,8.177647232609308
4548,2.6344898869786184
15483,-0.23548727195916097
5437,2.5751451416653066
15620,1.0952038857743127
279,18.732354080907648
8351,0.016133713812815142
555,17.207623862709298
16143,0.5870642422914218
1351,-5.0918721878490665
4707,2.924799514060964
8301,0.17044261715341813
11088,-0.14912826838566906
11376,0.08783957547874732
2045,6.684152480385308
208,25.45305744689936
9620,-0.055659250386697
3094,3.0452721210294356
1107,12.39747670183012
5894,1.1817910974134282
13991,-0.28789665768993744
13358,-0.17726587489972445
14801,-0.0858035825761172
14969,-0.29436242239673494
17463,0.8662833389195184
1743,6.0139695860613855
17580,1.5316778814375254
2842,5.198789169044453
16395,-1.7504114801347193
9254,-1.1039810014578986
798,8.614210675861528
12685,3.40918010710871
16492,-0.7872876081562872
7365,0.09223368392609577
6408,1.3666480797497196
11398,-1.1815123933372893
14614,0.038706737038512795
17159,1.116740394829834
8862,1.4899136734742282
476,14.515139643080122
17639,0.17955042586428704
12617,-0.009486203977752017
7330,0.30921564335021323
17433,0.0844026132562532
9681,-0.385932897585885
15669,-0.32544113529252505
14796,-0.5469207170081133
12610,-0.3641593970886876
2939,7.4614703676169025
5164,0.11757501678291993
11211,-1.597069064289009
9690,1.9696853122427005
2553,-2.208864250409724
13423,0.7295674088632
9274,0.558840996820994
9024,1.0164665547397873
15548,-0.39737348255951743
1989,9.703889152271023
2298,4.708873092154489
6413,3.0539530696458392
13533,-0.3218852680253217
14632,-0.2770384772909249
5715,2.13943922729558
7327,-1.1306664713303105
11275,-0.17791068913814584
17786,1.8117029386404853
11264,0.6646896120056572
12270,-0.2811795382347722
9612,0.6873031741070261
16536,0.6556058855784442
676,11.23350814713927
13199,-0.9717908278191545
13339,-1.0834203120915065
16129,0.768275492439112
8145,0.2144997290818018
15005,-0.6080551518728334
17789,1.5308849203238881
11433,-0.6122677178470781
4800,1.237563506641764
10858,0.3963697954492336
16974,-1.9289647630054354
11633,-0.5206618486155702
11385,3.8114442992901667
496,12.32013404744533
1548,10.808823352877
17372,2.0101314099012404
2088,5.365266911233121
17239,1.2796814748354672
12190,-0.7989984591814322
16486,0.3645457651354693
8836,-0.1303882639113887
16761,-0.47670715179406264
9160,-0.3505772219308092
11,42.54959862604542
16688,-0.051761396946620186
11426,-0.2015048312341668
11720,-1.1704921800696557
13994,-0.2025765777840356
15269,-0.12046388277277265
7676,2.143595215964009
4639,3.893755469751692
10850,0.5423265156314014
3039,8.154125620584713
10016,0.9436502936146248
9285,0.8495772737705503
7429,1.667273641767549
13001,-0.049628629138097846
4125,4.141382275351994
14617,-0.2429756314374164
15625,-0.5406180312239921
16291,-0.2814554534249714
14241,-1.411840537434483
5505,1.2129854440499406
6309,1.1546877931658726
1125,11.061431542714839
4566,1.741336011700818
8931,0.07800761723537102
8371,0.05667277533950024
2110,5.449297208384914
6714,0.5847050884708751
7939,1.219911320820336
551,15.726193653745883
4876,2.3195038189296615
13929,0.12431404347967745
7318,1.000626185226835
15171,0.41612235289938093
3792,1.3524679070446917
15197,-0.20342835384118385
15314,-1.8785850599012295
5327,2.1127547008173657
327,18.577824409044005
638,11.848950618410848
5774,3.0519289770593665
13357,-0.3344679433888995
3334,3.6860597748649315
8354,1.3406729945141387
15848,-0.15328890685927676
12754,0.5225861088942045
5588,4.463652600957362
17776,3.000738661450588
14824,-0.5213514847359819
11218,-0.47248863486346093
11965,-0.09036584767238331
15417,-0.22735611411709056
6114,0.40602363412163595
1988,9.823173441426933
5110,0.24250239916612526
1560,11.869496337173741
11677,-0.36436549570859367
6204,1.169044296381079
11977,-0.4182793193507176
6997,6.469422674586918
11346,1.029209848123412
4882,1.9391919050343853
7996,-1.3210920817323024
16250,0.30164765211595856
5283,1.8785240171912005
3287,6.3742213879225105
4938,2.7279938140208606
1596,4.733794621561394
15069,-0.22875144624593147
336,14.986199820000595
7978,-0.05054492469046401
532,13.192999343384763
35,37.29155402857877
7257,1.0834566557597571
13129,-1.6557167309066605
13908,-1.0137981351647007
17131,-1.4875591115221547
10605,-0.43121690456709505
15965,-0.083177120061386
899,15.025985594100106
4758,1.3210700524769168
7828,0.7260241606025798
2899,9.174052647504611
16998,0.07536771692440114
11393,-0.24681485190004682
7402,0.5711413208943786
269,22.525690467873552
3628,3.572958252385406
6341,0.7898685737529422
2622,6.069452918970946
2291,5.586848450905757
6199,2.7683806113559313
8191,1.0502604883456306
4744,1.9189101984724397
10980,-0.18601476408541207
15629,0.17799994549121467
5525,1.9333494223283916
9458,-0.8153019969418249
17247,-1.1281847496127408
10886,-0.115936158687308
2203,7.277170700472013
11278,0.0037224056594503674
10923,-0.24894997745926806
17144,0.07965866064882188
3309,-0.2737886685423194
14870,-0.6583935122326496
4910,1.058098590412531
6188,2.3912927824653742
9032,0.8489904476438366
17859,2.3012965836959696
6407,1.5648348281411089
14428,-1.3972121116266083
3577,5.797796697320424
558,13.415205579299412
1010,8.365994861985609
6905,-0.28901382092230266
10413,1.0584679856132473
14073,-1.5146201667380483
3142,6.118940954660811
11950,-1.2885902121495572
14899,-0.760882110151255
537,17.80519663104708
5228,1.971677674960219
1134,8.954532468617758
13013,-0.3082286433465903
3935,2.3265978930547035
12909,-0.4948229464146172
2811,1.6490987276418205
14497,-0.2160420543922057
11729,0.5714108646348274
5538,0.859778967672739
15301,-1.4760213736343248
8044,1.441575805184912
8438,0.3177521355054428
6479,1.5273033870765156
7833,0.5109034573200557
15989,1.4859183237334057
3180,7.440899346485491
1717,8.821808562900248
9940,-0.008202611484200706
14404,1.2719639086600978
17286,0.41410314303730256
5718,2.8359157802389596
17702,2.064295113573655
3170,5.766521764576796
5293,3.449900037951733
1067,14.037977463066236
15351,-1.6012755519342385
7269,0.9182012176594542
11291,-0.19175531742087792
13713,0.36299135577011366
17427,-0.9399098609732333
7795,0.4237310583483279
7309,-0.3870061476448412
8416,0.10591136159253722
17737,2.143599903608306
1531,7.347348670678153
920,11.307563601646061
324,20.83884994998757
890,14.136801505094441
10124,0.2372191664526836
17697,3.8636712292593063
13331,-1.7475105878494652
17788,5.4928992259304845
10601,0.013970022529318615
15907,-1.5547179697496145
14884,-0.6195116478275328
14168,0.6128959294997707
9404,0.8251033787832469
8536,-0.635167769334762
469,15.5177911821827
7355,2.3977168335510073
11923,-1.1407535889581089
7476,0.7947190364593997
1792,6.733086069433906
10822,0.1276786688095521
649,13.479408042441184
14303,-0.3538826562708285
14479,0.10212880861686036
2829,4.230403193904571
10725,0.20383306077744967
900,11.638771620656362
7442,1.4318163329190674
5393,1.2492656281669194
4931,-1.0091171278835747
17507,1.3687301573564725
2976,1.0106956353881231
2686,8.276521003586879
9731,0.18699135077308876
719,13.638473813196061
12828,0.2234329288750163
17468,1.1854136288130657
10940,-0.27184086540536695
10162,-0.30920099094680853
1710,7.641480230419013
5256,1.3802826341638628
13093,1.1291830240912253
16923,3.4779042314110624
11800,-0.18160221463438064
13949,-1.0125841019276414
6555,-0.04286997194448994
872,12.660144355236286
16290,0.17871238047528593
1622,7.910909608478818
12146,-0.1387997523154897
5440,2.700073664244593
12931,1.4246023772988323
13403,0.27567256950648866
596,14.783769349753568
17089,0.3234219035430068
14235,-0.09947083033082516
16266,2.3478336974166627
7964,0.02201669046168675
9406,0.567525071100748
13158,-1.6711286651658457
9708,0.4056458065199273
9955,0.49572831149016316
4616,0.8468560531040774
15393,-0.244473162090721
3641,4.199286571357288
5040,1.479513342728107
15336,0.3172479205482206
14821,1.9664227300428205
1594,9.751802032258396
7804,0.1493767276828225
12028,4.950702801587159e-05
11710,-0.35619915916011236
1527,6.259577750378682
9486,0.5027731511504837
3857,4.012878734334121
9205,0.6056898829179184
10933,-0.6261009299892604
7935,1.7987194753836495
12210,-1.075987981267212
3895,4.325528184222778
8895,0.9369673797444855
9283,2.123951141859064
15588,1.2238701674272359
8082,1.0620099000618528
1022,11.634436714836498
9788,0.22117791554993282
7043,0.8750238547735074
6453,2.8336803452909165
11103,-0.5766155352744302
2198,6.485080277522828
7644,0.7442164998685772
12305,-0.14556478603331258
3920,5.217636583593237
14534,-0.3274545455593594
13485,0.07063476529858503
5162,-3.502676754773603
10317,0.28852630685665626
7146,-0.5160859803008722
7283,0.7897450256434083
4560,1.9228677957769584
15087,-2.666378792852579
1097,15.020543768906036
16705,0.4753765724610826
7906,1.5912429479363306
7768,-0.17440648675420822
8397,1.1873990265979253
10171,-0.11694053161633361
9513,0.17455748410712454
1004,10.355468000786184
2977,5.8010310192094465
7513,6.437793643981568
12197,1.0554437667013346
16237,-1.7549365100595002
6886,0.9784576213784894
11435,-0.3869974524087334
10763,-0.12035220618841846
10470,-1.2267436148169937
12878,0.5933271142120207
6617,1.412066022251339
1660,5.875217198983169
5910,0.9848690446483473
438,15.850243306578362
3974,4.49908258888914
9815,0.33808830127252754
6580,-0.36077018700919194
16348,-2.2851562206345357
10506,0.6489601598623125
6207,0.24261270837660853
15326,-0.1989726176242732
12032,-0.7043963421128261
783,14.657619235659787
17865,0.34685821786845583
14910,-0.816820127606865
17615,2.4178515624492367
2064,5.726988955640467
3139,5.923123587143795
4171,3.9959422563036573
14732,1.133518192679253
2668,6.643623460860466
17259,0.8662833389195184
16385,-0.1311517868680121
7307,-0.6485647854172667
5793,4.761276681851349
4410,1.8087297928259427
6848,-0.027111228254050213
14347,-0.9200017125215354
15643,-0.09349415104358916
3728,1.3524679070446917
14829,-0.6281996965786802
15382,-0.8137944539811295
17504,0.7944485589023658
16973,-0.01853937543894424
5147,1.8497898728590132
8010,0.9200077862421624
811,9.494611634662213
15367,-0.04435403835405349
11430,1.0675933222978948
15062,-0.4466400099655248
15238,0.7866605394192163
13558,-1.1298853236112716
5006,0.9700790714940463
11446,-1.1967971220485265
8997,0.7033237909881958
9135,0.233149718078253
7682,2.1021786856680764
954,10.45527537017985
7148,1.0279343130526386
3643,3.612842440005496
4886,1.2835367571676644
15175,-0.7664589680900749
5438,0.052297178595254845
7596,0.5711279035965202
11674,-0.2607632845137202
4865,0.3771373033039547
13418,-0.2860678671177097
4005,7.0260908303051846
12318,-0.20219383882561637
4529,2.0950701944896624
6681,0.9469050099590051
7615,1.271195326055878
8155,-0.20931017567920007
14723,7.229844368409529
2492,5.782134894118025
7313,3.0670032140245973
16288,2.213744240559085
15022,-0.16336800076333202
13067,0.7578297334493453
1358,8.486991523810454
6927,-0.7647041179272264
17583,0.45601357680543986
10548,0.48962551204569976
1848,8.71594853058408
5300,3.2487663907927433
5907,1.4710340672457116
1730,4.534624965042864
17648,2.029098099221307
9720,0.4684924529909501
8769,1.4549725576872912
17269,0.3498467194530259
12443,-1.1933464245028151
8436,0.48030203437008534
14894,-0.7968579887150697
7705,2.0661266014912654
11237,-0.223852926070031
9651,0.1676572461856931
4482,-1.7562281376846878
16689,2.8178670648947244
3996,2.6489792440856497
2364,5.196632488304855
13004,-0.7570824319650579
14716,-1.3727814263336495
4597,4.5108201166472774
11560,0.4509306664759453
12557,-1.0079479608146862
11407,2.6149798125873
5261,0.6386469875081128
11832,-0.6491849268690122
12196,-1.67926013865934
5211,1.7562233270648953
9634,0.9060613747231487
3675,3.2484928362358385
17565,0.352169382177856
11240,-0.3901529579581725
5682,5.562511447080114
4692,2.7709554430202887
510,12.67522083144266
12894,-0.9825338229085832
1241,8.436433721796943
6396,3.5172732937401707
14763,-0.8486113031446529
3550,1.696806624708777
9451,0.8129124314253622
717,15.36448256366335
9066,0.4783447515029926
5782,2.4607215120980004
772,11.213002700007884
2580,2.7721086028511066
11770,-0.27184086540536695
14119,0.034884162787613526
9364,0.31922617035879336
8151,0.4967397259268547
8661,1.4914176246595015
3709,5.479777690525063
12684,0.788410088782797
7472,0.7797313035147131
12312,-0.7485359847871658
4600,2.715917506759083
7972,-0.2576331580315332
4447,2.3077874347018765
2644,2.232957660668467
1372,5.4410106319340645
15191,-0.1389644622660653
16201,-1.9822267604755086
14822,1.8209217735188368
8270,-0.20886791430471396
2326,9.23982287896225
6074,0.9973492179319009
8719,0.5047264618060178
1057,16.180961949419093
379,12.757348447018849
1497,9.281796886626159
17249,1.8103566368432698
150,21.81168143402858
8596,1.5752746067942622
13858,-0.42629444689272966
11667,-0.5323021107297354
3505,6.744809949582104
9707,-1.093416739705869
11239,-0.054975651375877815
17381,0.09655121598186422
3635,3.044775713214176
3236,4.48095240178306
1609,6.9851261112493965
11219,0.03533037466845157
340,18.135932327928483
17080,1.9806792231179495
9769,0.24246670534569142
12625,0.5438955569228271
11523,-1.5232030427989804
13412,-0.33479653549695243
16258,0.23271601347301907
8715,0.5890864413836617
7960,0.7997767971372362
16241,-0.3970915543214204
10661,0.1871298862049724
10283,2.101845917692536
123,22.040870724625194
6025,-1.5276662411048259
2767,3.2801033023028974
14727,-0.10796031017429675
5965,4.1195467107714805
3660,5.027005677928086
16142,0.41599391324777546
7305,-2.0399698451417523
17280,1.3061379340721881
5491,3.183996498021295
5722,2.413041296982396
8841,0.10124903135448804
5480,4.876320817938449
13993,-0.06653315594807396
15260,-0.37922621645971955
6567,1.6079412565033864
15138,-0.13237107735761122
7202,-1.2060065863884535
17912,1.8459832927729154
11169,0.5061921851415399
16963,-0.20598769401654904
9865,1.5930669920485283
5419,5.348148094763269
13127,-1.2658573025401576
13374,0.5967653376274908
3770,3.414323604742983
892,9.062836558996931
17941,2.5668166313200884
1324,7.3134393637633615
7632,-0.12038048808764801
3301,3.4449750452110264
17795,4.343722161952687
11648,0.38773539155663195
1290,6.198649900303213
15189,0.5397057299575874
16403,-0.17089931137188752
4722,1.9892592236581779
17791,2.005366832439683
7417,0.6019269598679983
5703,2.338386726588837
17229,0.6227388271011693
16022,2.963406412317358
12221,-0.6880024121841959
154,20.66238145882756
561,20.757411281779422
9814,-0.03379666735598863
2073,8.064692939515503
3267,7.2733143768710296
7678,1.2261629900793298
5532,2.8124017794732628
1725,7.786977544961289
2652,3.796233290760457
8883,0.530211894091786
10870,0.39885670500570775
7089,1.5910483768563426
9121,0.3116576456500267
11878,-0.720055385545247
3361,2.7619886319268843
14176,0.34243621021846227
8214,0.6201968783686207
7071,1.0103500849339515
4650,0.8922927039306399
17595,3.398003889461549
17430,0.3331091148532477
4213,5.966070180017605
3930,1.7693206534381791
7679,1.4921350968467664
17428,1.0896801483579894
15827,0.1552896958047303
11798,-0.7806356560109664
10584,0.26068141475528483
14966,-0.5433930736489792
11014,0.1497881064936445
8711,0.080086409558002
16268,0.39472793380764104
9545,-0.058168055159029786
15822,0.313817009213453
8720,1.9017487153469281
8974,0.7949026387828122
5864,0.7082162820846409
1459,9.818267388585076
14013,-0.5058337070603109
14322,-0.3038595258271459
7385,1.5979989067143565
1809,6.189476615122613
16112,-2.416755585555961
13819,0.2265055906280038
16548,0.25452513275741584
16140,0.09966744009788475
3936,10.538493849021402
14848,-0.3114858854054656
17126,1.2142976887147645
8701,0.3533628661837224
12660,-0.07359681859885081
9820,0.1359558187697732
1238,4.2731814344295245
3279,4.179907646418153
14990,0.8352596161185067
7794,-0.6760724053663313
10264,0.645655979677414
4315,3.875702671784472
13673,-0.32191221392508707
16196,-0.5944544544928406
9009,-0.009434907436529638
10547,0.5462376004964771
13827,-0.11599734203660272
6299,1.4458217972885836
11138,0.09919688924713388
9134,0.38678045821710655
6029,2.5161300627536236
3494,7.715091189774245
14854,-0.1103465942251165
9930,0.5171907162845145
5109,4.6096466249372
14663,0.12610202444199303
12895,-0.7473231570561417
11743,-0.048511481674398005
7702,0.6134006535435134
1250,11.412904168047083
4764,2.4043549900131036
5892,3.85189390422747
13452,-1.2395956162386634
17730,0.9035193947073927
477,11.389674856877635
12932,0.07938901677592847
10277,1.0346894023463973
10859,-1.0468528448244316
2519,7.532266620723897
16615,1.5615672701354106
4858,1.98663379716184
8049,0.3817554748857479
14245,-0.3816285519578748
14336,0.4034307128160035
17345,-0.13702960029915445
3215,3.277607091848624
4530,2.7911862662151092
9142,-0.6377130062017564
13550,-0.9803261598188249
3441,1.6701167222503441
13632,-0.4250030531633082
1960,12.329880749233938
387,19.779867255205232
17814,1.358833785108363
1901,6.977764481301904
3667,4.472762640022745
6497,0.16560386618773337
11339,0.017337008704090717
3258,5.0130238352298395
13635,-0.20065148762900265
10153,0.6619882783194186
10241,-1.3383766081398172
15593,-0.6579326973827762
12799,-0.9182206308822756
9785,0.6026401111537297
14596,0.6460240273684765
16211,-1.1163551158168254
4440,2.951469811329019
14750,0.21652875990364207
13802,0.4467950263515448
14325,-0.14090080109002678
10981,0.08986926544462792
4733,2.8921861119106818
7582,2.6077851992540966
13666,0.2514107053028689
11724,0.1697535539766809
13478,-0.06713661789005876
10365,0.21555501245704412
12107,-0.6797684729891798
3475,2.532953065294835
17306,1.3732275121255735
2578,7.026177305223877
10220,-0.18646132226540368
101,31.922691823416958
17841,1.7669042553652692
6332,-0.757929847311019
17217,2.8278774506016218
2924,5.03941265903709
9999,0.035608754358716244
4131,2.396362020404958
11083,-1.26835359279092
1393,14.726080495921735
1707,8.428355859027226
10066,-0.4345060057535206
3011,4.510316537865391
14911,-1.8768620362728794
938,7.961450486020086
15861,-2.8323230254268554
17026,-0.5610053841908962
9503,1.0509389225257044
11055,0.8344048848484095
10492,-0.8176098223058346
3424,4.178814447193528
7684,0.6729011955624118
156,24.4600252776315
2,53.85631446521704
5053,2.311130450385888
7093,2.377795977657692
9287,0.46261907911182454
16512,0.5400434957256498
5647,1.567141249915619
2228,3.649307159749317
15433,0.580304157429894
13922,-0.19240109292492658
6018,1.776984239983808
17086,1.733018537081885
3295,2.286326299428875
5493,1.922191720196612
7871,2.1545780977212177
6420,1.7791451238488343
341,20.129169382096677
10435,0.409097853131539
16994,1.2864929197981998
11953,0.17632117315967322
6008,-2.1982632719470363
14227,-0.33520472391671996
30,30.298817175076934
6791,0.5696141644350777
10353,0.09689165172795483
10550,0.2587729195201045
1873,6.049733622814852
11474,-0.9255796338495388
5698,3.1350123442829347
495,13.198087718168034
16110,-0.373295269889647
12773,0.5749892377267334
14174,-0.7695991596718894
17765,-0.06987736458117294
5397,1.9087861439279865
13755,-0.4917820863902568
16371,-3.0939108815299945
15994,0.8818779911814918
7333,0.5241607269184465
4134,3.6576992139546243
12505,-0.714755263099016
10099,-0.05441678739293465
16215,0.7332283745037531
7238,1.4798233805000904
9302,0.08592723787321292
7091,0.7959227426504123
16806,1.788262720533422
878,8.654784451275741
15329,-0.07880777462012001
16020,-0.21175420360910002
9278,-0.8409443913458388
1181,9.041983952851242
16126,1.8080746964891565
518,12.630415989650599
4742,1.331132416439953
17233,0.8994382321139232
10039,0.18188685787207726
5947,-0.6936213979492649
1663,7.699145872975304
27,33.19264384459683
6327,2.444020543842619
14043,-1.3525344188063373
9117,-0.23490155737415197
1890,8.481764155910627
16552,-0.3467741957098407
4808,0.9255645618471915
13586,0.6333586752006761
12187,-0.3128078580622965
12112,0.41005454831185395
4187,2.023912973997955
1721,8.148732678945823
5412,4.310009082837217
9747,0.279591711322124
8928,0.4894488323211832
8348,1.1378169618845528
6676,-0.711244852201959
14157,0.3893024471940536
7294,0.6643482842169482
8569,-0.23981798185260128
3810,4.717807044978299
11451,0.4356953877491694
10610,-0.24167868234524809
4770,1.765330518682006
15397,-0.8209059212992977
14471,-0.2687561277952749
10711,-0.6248245961205057
12962,-0.20889019714761092
2727,5.635905801773038
13715,-0.01650008710048234
16190,11.97080773538229
1481,8.427347457446274
15258,-0.5591920804177231
7175,0.6401042400059114
17192,-0.598581558536642
17640,1.230558479438645
11068,-0.744483796135111
2930,6.404648085886782
47,34.835822377497394
8203,-0.9875477182174777
11723,-0.31671148141884664
5220,3.035922481985497
12600,0.09644725960284761
14033,-0.9947721684201545
821,15.226579220769096
4394,1.9014421341295276
6993,2.1819207702323435
10427,-0.4454384469052717
7411,1.065225594241221
15821,-0.5644573445494696
5578,8.245993398521454
129,25.69401929818479
15759,-1.007063780899784
11592,-1.0277263784460384
3425,1.3400653524011432
7890,0.09431839728688943
3290,4.151925313164904
9840,1.506374245777854
12228,-0.02806047356905339
46,36.7796627662085
898,12.141130078591067
14062,-0.5232656108853287
10295,-0.11628473588641663
9022,0.7843187782998522
7381,2.0593821464539728
13711,-0.7031690077694879
7687,-0.1561153459567891
13687,-0.43790331802984794
15783,-0.6799410392291697
13443,0.007509956802206563
10251,-0.27682904683807524
2232,5.028608490961274
1703,8.272680595904971
7201,1.187719267054399
11946,-0.34241064182700776
17544,2.761782357306944
14715,-0.09698258777123314
15313,-1.0008064742073692
11983,0.2910245602474638
15123,0.11676112743194755
17547,0.9240439984363946
13220,0.5631510545258789
14890,-1.2875583569837625
11332,1.425437465193697
17920,2.2247805290963423
16108,-0.7811731031338852
12465,-0.47121686372921523
9115,0.4428372629618325
1529,9.518216397960801
2253,8.93407349732871
5586,1.9676291256220493
6193,2.2889484704810927
8317,0.4106563810150464
3415,1.5848812107847996
2223,5.505274252420914
9755,-0.6647718455508653
5126,4.030840262351213
6116,1.4599117148045477
2812,3.64873808547183
10629,0.03082165621532798
6152,2.4973669324658974
5663,1.133723410684338
4371,2.8245979492279027
3141,5.930571865563612
13043,-0.9205466731103837
1388,5.879889395682564
7717,1.8545711903141298
16305,0.36992399612486726
11876,-0.09668148672228427
1966,8.450219921525612
14114,-1.28295699705403
15881,0.1458877957802338
10223,0.21496543981080146
8751,0.966832349436363
8753,1.7222538972302963
6469,1.5162766182358762
1061,10.522142779744414
8929,0.5039586650483918
10922,-0.34025933728594693
715,11.654712337961788
9704,0.021291545090297515
7027,-1.3415984797429252
17451,-1.2615454490207152
2639,3.993098419454714
17951,4.501854846917199
5005,1.9152997298136336
5651,2.4840736308609985
6325,3.9785056621370933
6923,-0.34894713019681445
11624,-0.5948724505254714
7035,0.45380931295485716
11021,-0.23413503324576979
17416,1.7010527339567303
15425,0.2432234850297671
9709,0.5735368391469273
10866,-0.22393405219067625
15023,0.03229378361458046
8859,-0.35903674532085494
6559,2.2688616962628236
5140,1.1879479209868373
1033,14.08153672908856
593,14.666188620078021
17693,1.8075695745616127
3933,0.5163385819709805
1915,3.7567053052907027
5367,1.4647685579608385
11664,-0.720055385545247
16487,0.1281175757845449
2093,5.619499410430356
17230,0.38961970545826663
6214,1.7586353791654277
9412,0.07977711438239221
4864,1.1458289478768786
1826,-6.2804324716609585
13160,0.05625601364303523
15828,-0.7557324936802239
751,12.844669837597557
13198,0.17837668640130144
16392,-0.42361891938725194
8938,-0.028093834043968285
12230,-0.5605526448622451
4400,2.519326200698088
7197,3.4063043418519157
1702,8.155568331271787
8717,1.1005476970776318
3932,3.129969723606959
3867,3.9158471724039066
17551,0.9065802635323742
2810,5.144451214914739
3745,3.5489779357816507
2627,6.09345840530149
7612,1.0380466267292507
2265,4.616595230561048
3458,6.325092431024435
5376,1.2374172491702427
5316,2.2052568384512696
4674,5.981346001618027
12374,-0.5339485296367881
9797,0.29001716019833074
15422,-0.624627700543892
10783,0.022947033523250504
6427,1.5612591006265015
14878,1.24600733560934
17491,2.221009355981408
4710,1.6746759910068802
15561,-1.831842171087784
4336,0.34712038457218863
7241,-0.03494771946579378
14626,-0.893804540183718
3089,4.762182399304518
16530,-0.2799795121624782
6954,0.9784576213784894
11904,-0.228866728736281
12601,-0.5307558340964535
8664,-0.6600855688944194
3077,8.274501895582171
12211,-1.3324995396633388
14376,-0.8912638461590183
15121,-0.29537390630278826
13181,-0.43314949603576924
8582,0.23043137796199642
11325,0.7185042990098852
5527,2.916397326398179
1248,13.506541381234817
2169,4.925412640777717
881,10.931990152147776
10169,0.23250076914701817
124,19.18900533010568
11153,-0.6536716380863699
9961,-0.3122877838721343
12491,-0.10664068086372525
2392,7.831662613095045
14455,0.4912786667634086
5124,0.09005101693989048
12919,0.11892304490996164
2518,-3.5710840377746575
14965,-0.8214922069310056
17559,0.39818837268082463
10481,-0.26928612798999907
14139,1.661567260213412
6059,1.32884000637197
14579,-0.023682292490785573
2917,4.572154856537148
17207,2.1439705834740517
2148,5.980095845047037
2356,4.7847828610049135
90,24.268536907777495
17284,1.1082001311875138
14297,-0.06121806638825178
103,25.19418609583755
16754,2.0181984196503153
8907,1.2666321763487896
493,13.541200832165355
11927,0.02772945374623259
17180,0.7907830549165556
10551,-0.08992003573864693
5394,1.886092992387857
9771,-1.4647280902288997
6501,0.39523017731164267
12300,-0.051244775048007285
9729,-0.26699257543653426
11722,-0.12555708127533888
5562,2.7522585937132416
2415,4.36557776391861
7943,0.9781208860770297
10320,-0.3975020948812884
1860,5.426663176188113
6447,3.947722520691902
13859,0.21773835606439884
6870,0.44533963982566205
10225,0.2814981193507455
4252,2.314154567296065
14963,1.24600733560934
4242,3.053505173980045
12050,0.1549618925453775
17796,1.8822529277820719
2572,3.9239898475424595
8533,0.030704041042904945
5619,2.73674264152914
16660,-0.30661805846224466
17459,1.054763246783093
15294,0.0527631243722293
4588,7.014821914050076
9308,-0.21323385984324728
654,12.048526423562276
7824,1.397127349851831
15284,1.190300348920807
11649,0.5323735439973469
3043,0.83594358965667
11327,-1.113313693458884
15922,-0.39623472079262934
17052,0.25341569943193765
11637,0.05091994989633786
17541,2.0232443948944745
12170,0.22670260399671427
9875,0.7032590344375295
14190,-1.9826712803020468
10507,-0.2866129840520315
17699,2.313390107458036
11962,-1.1347678939672148
11806,-0.6834934560318272
12802,0.21645525633979312
9697,0.9238906192759405
13155,0.005811634702334478
1062,12.992906812982712
6194,1.4647810553194764
9533,0.4374871100454379
4495,7.2467637900841755
6499,1.265708739670385
15940,-0.10275409563646365
1510,6.261221177743945
973,10.460307688407811
11935,-0.1908314543860895
5304,1.4127635646990642
4986,4.492286487863481
926,13.154648388592298
1881,10.60444342447201
5786,1.685262627385773
9474,-0.14143624636021007
1786,7.971253068841216
16134,-0.4964337192355853
10271,0.2406810308043813
5010,1.51373391995346
6790,1.1601657341829963
15384,-0.502128513764533
16366,-0.05676029769095586
6304,1.5590961145591455
646,12.207847678914568
8741,3.4716824088667138
11107,-0.32552583836152293
12934,-0.7569561695488511
4334,1.7033575155720193
14383,-0.003731865507087484
9521,0.10312522966710824
17864,6.879547938672406
2874,4.244670729707886
1961,6.21668353597892
16983,-0.23998011366936955
8657,1.3080430020072247
8310,0.1320384314760981
7299,1.1539392783854403
4234,2.066655533710815
10415,0.4232281197563671
5643,4.9490395721913405
7673,2.1777223874540628
3941,2.8471118402553235
11091,0.5475037478800198
4905,-1.9183489148728587
14074,-0.03754077996676042
15878,-0.5133480591824856
6875,0.5454865852792806
549,14.896522958936794
10681,0.37289891857694
14785,-0.14562669620004454
3686,5.792187972648614
16576,0.15627080748878686
7252,1.472408579944406
4020,0.49910407233090437
1841,5.405371767438018
15338,-0.41067213975175965
10350,0.32591503119014087
5825,1.7233613426134877
8067,-0.19739566732184266
5666,-1.1813845467745634
12561,-1.7606635439007807
9976,0.5335595584003159
15910,-0.03211102090400564
4638,4.5296621214953845
5705,3.2093054874051945
11419,-0.2846150627522748
1315,7.004130174811005
10280,-0.06102261805818254
1506,8.876410697777462
3878,2.495311653427812
16084,-0.9226114023150356
381,14.913527624960246
370,14.063383304091063
16127,-0.442901921761774
8881,0.83100681436919
13573,-0.49502124765762034
7379,3.4161075398054557
170,21.653942953595035
16624,-0.1924935826442713
14575,0.15721512227335588
10215,0.6407300607794961
5087,2.1542288882337823
6777,0.45209800927050203
12119,-0.46045784950264024
6999,-0.41773172183601237
17012,-0.21363839564476694
6851,0.3837690580915051
15447,1.2033252528049192
6610,1.3426143984310732
14088,-1.2198210378609422
1039,11.011814090988226
6183,0.7767459916187327
10410,1.4504510731643112
15469,0.41891002566216884
5827,1.1652306422396121
16999,-1.9234039539108578
2522,1.7198926363545555
15855,-0.6681721366175745
2785,5.979116871925211
17735,1.4153957916939013
10918,0.08688283337690672
17263,2.015643752695419
13623,-0.2495557351607074
4815,1.9432346299037173
3328,2.683251385513916
9734,1.4616489321121136
2005,5.102527838532412
5728,1.8666700100793399
4260,2.9371612174477284
1262,8.838166553003598
891,12.201653409220135
7085,0.40326776860973457
509,14.84390084143194
7310,-0.378138203102679
1745,7.105076504123653
3886,2.398839503203988
6474,2.6854532930309856
12817,0.3800756519741708
7749,1.2385928064464315
11661,0.23287051761064653
15993,1.051267312549609
2667,7.24119803057955
225,19.056239636245245
17000,0.40182599600741703
2358,6.102586668845426
15116,0.8808463183629823
14229,-1.5955020065008056
6353,5.413241450752739
7413,-2.462922455826097
7855,1.6278967575994672
15516,-0.04142609425185184
11810,-0.6748338719295097
10057,-0.28303940461043076
11668,1.3436082485173604
14265,-1.7547546648640642
3921,2.1829251323061154
12322,0.027423402176157796
14272,-0.9850867005022033
385,12.565374021407955
14607,-1.5260673936540918
3404,4.6485760488485965
7068,1.349411901046567
246,21.939488075738183
1979,6.638098748912446
2446,5.442574076830358
11195,-0.4324245432952043
261,20.970821671252175
6319,0.7609474874907483
15067,-0.976950699758405
5865,-0.7046145303666571
12875,0.35468905826031105
13167,0.23475591681883157
2777,4.332817788659833
11053,1.1948397186443784
17380,0.8562366509878561
10814,1.2363552888157572
14134,-0.796577473032304
4871,3.500588297977792
6816,0.75864955107758
16047,-0.8562118494325621
2116,6.144692280022916
15293,0.31039474917159393
16347,0.09966744009788475
14014,0.5691407944246261
13252,-0.42066721777408467
7896,0.8806337230340968
8037,1.416703976077296
3311,6.6648457263477905
16120,-0.3187712187642324
5187,1.6439940700334574
9307,1.5496744242971106
17748,0.47753835525887967
12003,0.06788405540462106
6505,1.4212128488040943
17421,1.1946871745848298
3856,3.0022807405265866
7742,-0.44410620919884436
11631,0.1982470155712619
15635,1.2429150859677127
4302,2.251356213788715
1162,17.629261066205434
7899,-0.28904614034779275
3122,7.104151621979117
14187,-2.38500512040421
7648,1.1147097278998839
17441,1.4579947785150897
3115,4.495624240780268
7104,1.2649788298039633
6306,1.9004319764610298
1810,5.81692925502313
1222,9.870137606241295
13107,-0.5036815059923273
16948,0.48444050020094087
13517,-0.2684186167637992
790,10.584467664520043
5639,4.305369467034206
8353,2.069382881545034
8889,-1.0319446453160903
1030,10.108311597790307
9498,-0.25090557932931673
10717,-0.24167868234524809
13787,-0.23958218450395896
9696,-1.022232896963233
5646,3.9124011050135454
12897,-0.6988237545620072
7293,1.1416114473236627
16666,1.1293290858670346
15504,-1.2280315168579488
16904,-2.135039542719579
11351,-0.16082375206778565
8505,0.4161073858060358
4893,1.9481238049423748
13077,-0.30825076284291586
8131,0.059968986583414347
14698,-0.04359000752669284
13015,-1.3396082142261136
5282,7.165461327455034
9867,0.21696685828266715
7602,-0.7737191252128593
1584,6.893657187400452
919,13.675798355019994
3659,5.306051550018044
16016,0.9212769802066649
12901,-0.1621075059712982
17138,0.2869568807298508
12681,-0.6849551592813115
17341,1.3464152323401122
3174,4.562193897622651
13627,-0.8519056445443649
7477,1.29011272593023
8795,1.1458587835110956
2478,3.411290100399992
4684,3.371605047534016
11960,-0.20410942493382478
5577,2.7877089758808777
8901,0.8836193134017374
9328,-1.2775864446019032
484,13.34779186838931
16682,-0.8155801648869081
4881,3.023131153953391
9476,0.18128956338737368
15349,0.2476570185998348
14843,-1.8530502745566722
10573,0.4355467340436144
15601,-0.2819864849459548
11289,-1.3092609232182109
5912,1.3871273452350767
16753,0.6363819735217635
2349,7.890932361913164
16472,2.221812031654172
8777,-0.15100021378387118
11587,-0.13042544220583724
3900,6.761086821460536
10827,-0.20983365094986023
7376,0.986401965748434
7862,-0.15152394262766467
6009,1.7254768457007712
15309,0.15905017593844217
3854,3.29447055753004
2525,7.429658920524359
8585,1.1017448602379427
927,9.486383651063875
4841,2.9027528177815127
9803,0.5979310418197116
1289,9.201158738620999
16743,-0.7647230695348534
2494,3.4197197611717782
5953,-0.08097823949065852
7157,1.6031598924999213
6616,1.583708207344257
9342,0.6737079857257141
17007,0.25071514559399466
17806,2.6123608072383884
17939,2.869185535156574
5114,2.1616084333378747
13613,0.22953794787477033
9084,-0.2037841232412474
8446,0.33423348370520367
6596,1.1115956654933759
3463,7.449646416701141
6537,1.1228458891120146
15174,0.014632512078912807
17560,2.150053609448257
16830,-0.23009081242828033
6379,-0.33035111451784893
1948,7.317856838958585
5845,-0.1069588241499777
9581,-0.054934379584345217
8190,-0.8197733527877848
13503,-0.7422104369589352
5713,2.067661383902639
17932,2.9747745272283486
10583,-0.6468537785630317
7149,1.9328425465055314
10726,3.2058845235258726
17907,2.900910205347407
6356,1.732621078829245
17130,-0.1355403374828844
10759,-0.895185515795899
7876,0.484499665288416
8705,-1.5801032629609715
14051,1.0740718277940982
17522,2.265843697255847
1526,12.789774818500556
13248,-0.6074038139226392
9470,-0.12965278293735238
22,37.40104214167489
10609,-0.02886333345737302
12302,0.8238507264695958
11509,-0.18426392573305805
5783,3.5349153153789223
4771,2.87739291585692
2137,4.105495357045177
3633,2.9644248352119
8295,1.6319392526974794
9919,-1.0477122753210644
1552,7.732222715415499
3944,1.8718655380045712
17266,0.4774126897679529
5490,4.388753062954054
14296,0.11949498386250323
9454,0.8375264056597967
17778,1.4986387771852656
3865,5.927451432330027
12821,0.0004435884879828711
5935,0.9351283595845195
8264,-0.31932014798935526
13612,0.883124364769934
10135,0.11531540235682979
5459,-2.504291289048466
9878,0.3782142513423003
17308,-0.2983709123322684
15924,-0.9677328631242221
15758,-0.20442263472850453
6148,0.8678340533013258
1455,12.4543216691421
6487,-0.4057261812854813
11998,0.22670260399671427
5354,1.8535217655003031
1024,15.016349417410055
6963,0.1601375457047824
5151,3.0249437173675795
10604,-0.5040329003046577
11778,0.6486171717999324
13631,0.3380681092580655
12923,-1.2223692975421498
16641,1.1063822041259281
13313,-0.3214663385891865
10471,0.8783439840927095
16458,-1.3463161141915077
7842,-0.3887177886191401
362,17.78839198826046
11171,-0.4715453165746787
1235,5.419907396287407
14779,0.390475995606528
11440,-1.177689121279947
9942,-0.15648514682043668
981,8.835578706784881
9687,0.614597265660989
1833,14.664345171288984
16009,-1.3407692003812324
9078,0.4108210577061066
13075,-0.42078168206168065
3332,3.211773869891198
10897,-0.7393628242933967
4472,4.387494240612316
15039,-0.771332364644739
10787,-0.23270227157553358
7459,1.447632549015974
2407,6.71465279593888
14946,-1.4690431616351494
4974,1.133723410684338
17763,0.47298032442597115
3079,6.379562324729493
15761,0.8067218946633665
10643,-1.1560901996064157
102,24.30232097295569
14900,-1.0906210168269346
6346,1.996198882626259
5301,1.6461780708730103
11191,0.2255493826083888
8427,1.2038484601885928
17571,0.17227177432383645
15777,-0.15702572322446873
2794,8.172534698815525
12422,0.25086345329674287
14828,-1.2012546721006014
14295,-1.6437754752308642
10890,-1.514934697839554
13191,-0.7424565685414364
669,10.065794430756068
5800,-0.6928438135808745
2254,4.552142076974388
7277,0.6056707148143312
6070,0.7350804553637267
1846,5.763474769465239
15781,1.035475403576441
7304,2.622397204944982
9043,0.4805512633149549
6454,3.779741380096861
4333,1.7032055303837526
15670,1.3714718230340188
5013,2.566792226752216
17117,3.8579216658382616
13340,-0.27637672006753244
14286,-0.6318740900472759
45,31.278577915732228
14395,-1.2737567883378051
9906,-0.18597987098347912
17290,0.23156396550424807
7038,0.40916223200667046
6554,-1.3382296196813943
1777,6.095570870452002
12183,1.0117377814654902
2375,6.912163609369006
17727,3.8039402210050577
14709,0.6330895614388357
11793,0.6328775045061055
6690,0.68564865854787
6704,1.151336193185514
12940,-0.4611961462089681
15884,-0.8704427265441654
10327,-0.28065241951346753
12531,0.04444899702762667
7714,-0.5195075070670091
12215,0.323462556289571
3329,5.524565571445123
15448,-0.8861103266858561
4555,1.1786949260214143
17761,1.3927771234467383
2945,1.1698087514440485
1306,4.875059894572571
6897,0.07459932770750523
50,37.5954677886409
2177,6.319949890683498
201,25.566078189830897
9123,0.33780971895262596
10745,-0.3706759255714809
4645,1.1381019961528391
4119,-0.25887071303043463
14269,0.9766016836105826
8456,1.05117483237163
7849,0.7542376185514986
11194,-0.5911384025610106
14355,-0.5536267245606044
3071,3.8074702446129334
10574,-0.48787325268873527
14268,1.216598964138111
1604,6.593034494532587
3734,2.9786062030082276
5465,1.8071661333732707
2050,8.323609407906252
17593,2.3372774893553614
17855,1.9031707933581987
131,21.987085306256326
965,9.655897719221217
11011,-0.22032870271556593
6440,2.342446452020137
12492,-0.5478384643135397
166,23.62504332249446
6958,0.3442012678997533
2337,3.6611560304441313
253,10.131734124466512
3235,4.383508692575036
6586,0.9843434606050203
13972,-0.08386248625658488
14219,-0.33969081602736406
3780,4.939208276386637
16078,1.5130144520949806
7589,0.7296976013478691
10910,-0.4308587250644773
1349,6.336074806458949
2310,4.046585691617661
14369,-1.5481626677698226
12241,1.8692220466789955
11442,-0.033325372990996416
7114,1.4403234841836445
17124,-0.7612459241471878
9038,0.31946488671269857
17946,9.203467348582533
4110,2.85837890843287
8266,-0.0980910716036183
3321,1.3123589251336414
3696,5.518254549541602
9910,0.7188053619520435
13817,-0.23832749417151944
197,12.760684663135777
1192,7.306831635760801
8766,0.8402682417148939
6775,1.7252889281726576
1103,6.113651095937639
14324,-0.7907617288016082
15931,-1.0352539506064031
1709,8.554982714764616
8162,0.05925478171634116
7545,0.9594955393548692
3580,3.7152357464004644
9091,0.30402308718318743
2025,11.814789181495689
2802,2.2313117825004687
14451,-1.613785889592752
10554,0.2015432546319372
14301,-0.15751240501292574
17488,1.9743677470135523
3991,7.065645738104623
17599,0.7281022545860214
4126,5.541834968280693
8053,0.020031964699940397
7617,2.984743399902263
14697,-0.005136871972921453
16338,-0.9365117573330572
7947,0.9200077862421624
971,8.572059484946449
2927,3.119749513771055
5387,1.3646300916382796
8289,-1.7880148957584556
9601,0.3117178960555509
1304,6.046833485253735
1196,9.77725111885578
14777,0.11187406184185678
7129,0.11058906248288303
16493,-0.83151893652223
3983,3.794669892728522
516,15.945793396076668
11969,-0.12934101004688014
16378,1.371181736993563
14778,-0.1815280771326635
9673,-0.8097360461257754
13447,-0.34402482021251823
1156,17.829144763673103
9310,2.1052456825960233
3735,5.758846907273803
17898,2.8430186557915667
8018,-0.07122518568546293
15895,-1.5772582391870902
11576,-0.7762682132470682
14955,1.0104420533808058
49,30.89058316783475
4009,2.196203474362639
5857,-0.41467219523388255
9969,-1.165664885391958
10957,0.5061921851415399
15230,0.8651595420503644
5521,0.7296079423759412
3392,4.404731680676539
17711,2.206542306288848
3090,4.833081287263543
12885,0.7076033192103721
14146,-0.1576050905184767
7737,0.006324311147710482
17741,1.5859394005224865
14438,-0.5661471452014777
2350,-3.859680086111702
13851,-2.1238950567106336
2493,6.340907312981635
14628,-1.8308668879373884
11665,-0.04488716997020775
8108,0.5377784716196872
6566,0.08985602344549082
12507,-1.1068803046024058
2671,3.991642918395567
13625,-0.05691263990714002
14499,-0.5377388960344041
8444,-3.202300132423862
17224,0.5518502338726796
13235,-0.37925246071861984
4948,0.42813852801457086
6166,2.227163649287046
2429,5.614687703707773
13137,0.8804351053491264
10524,-0.5693455374179777
15788,-2.3040885138207705
13763,-1.677249464341363
13145,1.272169759918481
4787,4.483516150368551
7178,1.0089501181932883
5207,1.0480009154358565
4751,2.7851813779687977
13708,-0.2817737677692762
17743,2.6371670883459664
6763,1.2756552350945107
4688,1.9244674060981781
7432,-0.06178988219712467
13746,-0.23638882108472925
5315,2.7368487287640586
1409,11.831351030392868
1261,8.53697103313661
14975,0.038706737038512795
16663,-0.2415347247031585
11478,0.5988627213323288
5362,2.6979648881474647
5535,2.1550264831411052
16765,-0.12458855698561688
3903,1.514257043336584
11660,-0.534766569405571
13565,-0.8653776197818053
2319,4.644908161482144
7554,1.3147180613611866
15986,0.1892335466530668
7651,0.5475525278491733
11058,-0.36417873897166075
15496,0.5353154446425106
9045,1.5857965044535325
10825,-0.04790564326054722
9284,0.5780129571926486
7638,0.7742975218749275
13369,0.12551762915610065
975,13.606200997345223
3185,11.06440807414503
7839,0.20569776585708335
16230,-0.6450238312259438
1277,6.138340256572535
6289,0.2633366824507969
9693,0.18063474508972285
7977,1.0410474386626976
15632,-0.8096024735673337
1704,7.046700220831129
8458,0.21746345639838116
17331,-1.694979279522711
14141,-1.4397899191117072
13606,-1.0341898768046662
10340,-0.0844179951340075
8712,-1.4423215402517262
15074,-0.8575827804917644
1285,8.82357791322812
6702,-0.1266954192251487
6985,1.1927402409081918
824,13.461727347470193
12640,0.12081302299246743
14094,-2.228216047208535
3208,5.461328537923798
8422,0.029060795831225228
13725,0.670653998991493
13255,-0.19985520217106467
9493,0.010051983100607287
7003,2.1421063252524086
17692,3.8039402210050577
4417,5.487186912687928
10372,0.04565386145654876
1070,11.916947852767176
6882,0.33408530834630523
9584,0.8171508768708662
8688,1.1466380619411232
34,34.95178098977963
15925,-1.0939261320704396
1637,6.91959756881915
12311,0.476150265463848
9959,-0.3115846256791359
7306,-0.08749377673831904
13325,0.7633862579218819
8102,-0.06404080617933128
17732,2.851283537140184
5131,4.13320496211187
8674,0.973155197437837
14350,0.3457266603940039
5160,0.9751247052769554
16747,1.8412296162332553
4177,1.7999406148834765
10122,-0.1021703807876867
1802,-2.5590636072709736
10229,-1.477409700832643
13117,-1.3949126861037353
15549,-2.3498922067086174
1140,12.571401782696615
13275,0.11231967863248027
3869,2.8756123086266863
3794,3.136148564335399
6111,2.1441312720144903
15663,0.11489342966789762
5942,0.6707052531686226
15423,-1.196568152339592
514,12.248430119868818
11069,-0.6034121239776897
17458,0.79759266099604
9750,0.18647464799533628
2955,4.958657375568697
11858,-0.33488891185468195
13952,0.037409459517587784
14401,-0.5108423248201205
11676,0.16494630640527896
8130,-0.5582677951235866
13757,-0.25160894705334835
3372,5.518005196475116
13280,-1.280752842732205
14431,-0.4611581789946515
12974,0.07078203400985861
13811,-0.1862113729929027
11038,-0.6492596872639821
15435,-1.7237243179406643
13241,-0.8059798556359917
12982,-2.00566587469803
7142,1.632389493706039
16442,0.7748031271949287
13229,1.4245212509580727
1176,9.398009378653077
17,33.52261571481383
8150,1.3438084188193453
16051,0.7332283745037531
666,9.083410090482307
15280,-0.5133360433979344
7771,1.8478355165386806
13907,0.7282306763393465
11114,1.228450688779187
13203,-0.651452376556867
10077,0.5379343434015456
16825,-1.091284007565497
2104,8.363112687894487
912,12.012461177642562
5787,0.044896198500061435
9505,0.10046736131061636
7326,1.6478187989424802
16771,0.6887546235349327
3806,7.291894286450361
364,17.848983023974178
7258,1.0707455075035248
16251,-1.8870202923389718
5692,3.314137633256976
7352,-1.0270620515711262
10567,-0.2097401094702535
6970,1.8967405863902127
17821,1.3214182185787555
8158,0.5168470316999043
16502,0.5433663114106229
665,9.644264435128353
6317,2.0538778423536326
11389,-0.007222523375771339
203,23.92719180779237
1274,10.224162228546607
6600,0.9713860469854712
11956,-0.3364615791636463
6467,2.2181743119841273
15110,0.4117647941447804
17916,4.03748738897397
6736,0.15753088543478477
15364,-0.38690651971012
9240,-0.3121236460226511
15634,2.784032933282017
8713,1.6906641976822347
4423,2.5066123794516275
10,37.85062084769902
2827,4.391055004551614
6115,0.872411676718598
9431,0.2681380538663352
2678,5.759890817588566
9003,0.3117178960555509
10637,0.168240549986726
3201,8.02435891964557
420,17.847063956624346
6491,1.1940889931115788
8508,0.7389129766842955
1476,7.466229033901779
6042,0.8368379193135027
17279,1.4048915960527126
11121,-0.1880284575540067
7963,-0.5280489646795941
6921,1.503495490330799
7285,0.5378084810066388
16821,-0.07988014909876534
6455,1.3226870912420052
2325,5.684101992006136
10000,-1.566739388490348
4517,0.03150417798577143
6909,0.6805919717468578
3140,4.329614693078032
16752,-0.6220048086210098
11932,-1.3616287944615357
4240,2.2049652367756845
12077,-0.7600742874769724
6683,0.9133929110884962
11238,0.01378351840227332
397,16.96738497590634
6109,0.9689265179846773
17096,0.13810025463425157
15853,-0.4264041585234535
6607,0.7505777841198322
11726,0.22158368627130565
14306,0.7763281717116919
6430,1.5100049281688586
14323,-0.15760208411614196
14994,0.04397988824484245
2793,2.534688745553322
13609,0.02954523579610624
13918,-1.1721738981495777
16966,-0.7437348977541061
3508,2.494687817613522
2920,7.169997257180986
7916,2.475871654116162
14684,-2.1715825542640443
2233,4.649829398811942
1912,5.411213992892547
7279,-0.27005526606055574
531,17.876672959582006
7366,1.8128876388661244
56,28.270573298798546
5021,2.5820720043413146
8659,1.0501166057610374
5217,1.3750979198523627
7143,1.104252674491819
15721,-0.41020423576036114
14299,-0.08945788542433997
2585,9.187297900182404
17657,0.8012772395492125
12114,-0.04389745792136268
14564,0.3516349817485809
229,25.77964802790642
15264,0.014632512078912807
4557,1.8340022431929275
5979,0.42216688563981464
4153,2.522298342470607
8523,1.927142802833661
759,10.931990152147776
4408,1.6444191359141518
16732,-0.328019230194889
16631,0.45835249691521773
17253,19.64558249238387
16028,0.5430286928906272
4927,1.624865064930371
8080,0.9210013538848838
5061,3.379006836287528
4043,5.287371496149609
14488,0.16828190939930154
17321,1.91179307471486
3407,2.557224285081197
6785,2.3197746303057225
14125,-0.07816755443359713
15065,-1.6117472091906402
3445,1.713417444526513
16426,-0.11302414930848448
12236,0.7522408323661379
2738,4.605920162356284
3820,2.9931830200430216
4475,4.627430939120162
7897,0.9044715815615971
15536,0.20582012288339913
10478,-1.4440844946229539
4659,2.2754833363530667
12289,-0.5121196550303074
4562,2.1294306970861503
6489,2.515260383476246
17698,0.6470403498240569
10390,-1.4027159895053034
10631,0.22772455301686434
1511,8.224036097059313
8738,0.23039482266204003
7511,0.4802695941768609
7207,0.5009213172435214
16321,-0.18916969865387556
14706,0.609660196698854
8491,-0.15315306308553683
9483,3.149589815984812
1706,10.042239340306002
1129,13.1165416287937
613,11.250527584027163
11682,0.2127477811372792
12701,0.6435309162403199
2154,6.663971026651726
6164,2.7555502939876857
2144,8.88113438324512
3178,3.201334920858389
4189,1.7902297714304907
4470,2.0103661903444836
15509,-0.8942505765604416
2560,5.250558016863291
953,14.9446287284683
17520,-1.7267373725210982
14115,-0.06826260936171935
11450,0.45549374373652973
1575,6.271465812562234
5155,-0.7834332783317546
10204,0.033155543796974274
7929,1.232046793502969
17610,-1.061902847654121
1608,7.940591489013707
2346,4.373790770645524
4926,2.058024822040012
13304,-0.19910391879716693
10259,0.05207045940308766
707,12.141130078591067
8485,1.0498508951407126
2409,11.901349262970848
6753,1.0765972937601684
8514,2.032301775096219
15991,-0.7557012769678841
10982,-0.15450602010610193
4884,3.226693545905319
16788,-0.01797527669501331
16099,-1.029642451601424
5250,1.268250939148515
7446,1.1541321872835728
14138,-0.9409214694107546
10230,-0.8442724827581916
4945,1.3904716238653938
11498,0.0776120531072434
1877,10.595542013189418
8391,0.13376958571028666
12514,-0.5372051384759192
6980,-1.1258523066836288
3387,1.9641281233896692
1675,8.35102995435773
13532,-0.4826979786817702
1716,8.574025828666512
10836,0.45646558152546995
15702,2.0265790575705647
2756,2.981760567394484
5517,1.6588001052596002
2041,3.2386365009946725
9558,0.010454446751405722
3136,4.395145541820533
6813,1.5305611814344795
436,13.715418768062227
9554,0.25120977807342404
5149,1.434344908910048
8802,-0.385932897585885
5337,0.9733708532696692
4971,1.3123885314616024
6967,0.5388206542667433
12096,-0.22673978393088523
2604,4.280843571625674
14726,0.4892077932336222
5439,-1.6800596187495973
16883,1.339697670408731
11652,-0.0041284653958103545
14349,-1.2666131589023355
10222,-1.6770874269193556
17396,1.9751838035709302
10126,0.0774510566171131
9861,-0.5900827535785478
9266,-0.22244943577285514
1734,11.656542070999143
10332,-1.496679163314076
2001,9.319575244726641
5289,3.102212653540381
14584,-0.03612584564008703
15439,0.1334140494596876
2053,7.121036840499704
7777,-1.0049965258227216
1063,5.793462984048666
4114,-0.894674671120097
9953,0.537820111648713
10452,-0.27682904683807524
4716,3.1661256889395424
6477,1.9827721358656953
8048,-0.1107800576080259
2725,5.599295006980768
9445,4.047779051585165
13794,0.39745281912255126
12790,-0.23171749381829154
1259,6.271465812562234
2980,4.4519143988858865
10770,-0.5117040144095821
4455,3.726710530924986
14287,-1.028647824828113
3874,5.808848677873346
7210,0.9859028283591453
15906,0.42154289595971817
17344,2.9375638495260006
16449,2.4024488472509717
5880,1.6952873770195998
17397,0.7106772030187967
7922,0.43270430035897633
17291,-1.7644230506249325
11520,-0.8649688824418047
3704,1.2115571617550045
5,48.50985899247201
6026,-1.8916863475824415
2024,8.139915382135381
6776,-0.3451524575343238
13224,-0.46431934841721934
9242,0.3571716580337425
6435,-1.2097175371482491
12254,-0.4632278914963933
15975,0.08544010404236457
4575,1.8854957598459152
372,16.737281592687268
515,9.369982498827623
4093,0.12364860673152078
2675,3.3615061936387076
8531,2.514721150916446
17486,1.493165602352028
392,23.093376134284185
7580,2.7672910272941236
398,13.824311644606302
12425,-0.08156322837393071
5584,0.3859544390447951
4629,1.3657420947052266
6123,0.15204065588100524
664,12.63033668838844
4238,7.36835179142944
